,ID_CPTE,Default
0,51552533,1
1,69723266,1
2,10659296,1
3,69435006,1
4,11478454,1
5,93583502,1
6,89459995,1
7,48347209,0
8,40029792,1
9,99925818,0
10,50511640,1
11,82511394,0
12,96763219,1
13,22317837,1
14,65309353,1
15,35299073,1
16,51263548,1
17,75265299,1
18,10422353,1
19,62333573,1
20,17608448,1
21,50175415,1
22,93861061,1
23,18855113,0
24,81681144,1
25,82381561,1
26,85808854,1
27,13099118,0
28,27763860,0
29,70259489,1
30,28008130,1
31,73298263,0
32,86986262,1
33,94735750,1
34,63794355,1
35,20525996,1
36,17521195,1
37,69545953,0
38,96012878,1
39,37575305,1
40,50422915,0
41,89189236,1
42,78060005,0
43,79863267,1
44,60572558,0
45,18786115,0
46,33532963,1
47,95575656,1
48,30569832,1
49,30564543,0
50,99408271,1
51,79050134,1
52,81456942,1
53,26908643,1
54,69983374,1
55,13916008,1
56,69482934,1
57,60052114,1
58,47510889,1
59,34808702,0
60,71515001,1
61,19314677,1
62,90392583,0
63,27019104,1
64,74622150,1
65,65225806,0
66,33799033,0
67,88216853,1
68,30163828,0
69,30123058,1
70,10970954,1
71,87871531,1
72,51064995,1
73,23261045,1
74,57858072,1
75,43067024,0
76,31986194,0
77,27821597,1
78,99407660,1
79,81263616,0
80,84905578,0
81,55067717,1
82,75884389,1
83,91337809,1
84,57760894,1
85,82267378,0
86,15493676,1
87,69423386,1
88,19702532,1
89,98989137,0
90,43700781,1
91,70094131,0
92,70009722,1
93,50279359,1
94,52427673,1
95,35715045,1
96,42072627,1
97,18239888,1
98,51422935,1
99,19924879,1
100,30111186,0
101,12823008,0
102,53347441,1
103,66284864,0
104,63272651,1
105,53022588,1
106,89142637,1
107,11659194,1
108,10250516,1
109,19022195,0
110,57431567,1
111,11958799,1
112,43989449,1
113,14103078,1
114,15732177,1
115,53226618,1
116,32353402,1
117,94776962,1
118,41698990,0
119,68712033,0
120,63945295,0
121,85740314,1
122,93231210,1
123,32936346,1
124,10809898,1
125,53903047,0
126,41802033,1
127,27748185,0
128,61783054,1
129,92156279,1
130,92152390,1
131,86597642,1
132,55263565,0
133,97924367,1
134,14664882,1
135,52334144,1
136,36879489,1
137,67983418,1
138,73141435,1
139,49271101,1
140,66391640,0
141,34217851,1
142,66513810,1
143,81467417,1
144,99709288,0
145,97524276,1
146,44859584,0
147,57387682,1
148,57795299,1
149,27948559,1
150,67809277,1
151,49717256,1
152,99373407,1
153,18535424,1
154,54788769,1
155,39386936,1
156,87903176,1
157,31505786,1
158,87407361,1
159,98588821,1
160,93983692,1
161,38630468,0
162,54204552,1
163,70255118,1
164,45822742,1
165,99660654,1
166,30730373,0
167,97245496,1
168,87466438,1
169,75932477,0
170,46878261,1
171,18802224,1
172,15175114,1
173,95035557,1
174,31726766,1
175,32766861,0
176,40329310,1
177,84642842,0
178,94986464,0
179,48667873,0
180,68170978,1
181,91811679,1
182,87870386,0
183,91648080,1
184,43508690,1
185,24771017,1
186,59721038,1
187,33380463,1
188,90115758,1
189,64588883,1
190,12443109,1
191,83920310,1
192,63803387,1
193,13974712,1
194,10360546,1
195,28889690,0
196,53902034,0
197,97002064,1
198,32691955,0
199,60011333,0
200,38296178,1
201,68946384,1
202,47539076,1
203,63502040,1
204,14609744,1
205,57179699,1
206,53469193,1
207,74244561,1
208,61556266,1
209,76637977,1
210,89341722,1
211,45488797,1
212,67443753,1
213,47429724,1
214,15317201,1
215,60740353,1
216,10445885,1
217,46554016,1
218,32358433,1
219,55334976,0
220,65272018,1
221,90035426,0
222,38576462,1
223,24759037,1
224,28344133,1
225,66446816,1
226,58022918,1
227,36708954,1
228,35860116,1
229,83013203,0
230,63885141,0
231,50070901,1
232,48127702,1
233,97967146,0
234,28969753,0
235,86345642,1
236,73934004,1
237,50671899,1
238,62618441,1
239,71438104,1
240,43982191,1
241,71219986,1
242,88363390,1
243,97361724,1
244,85093054,0
245,91635923,0
246,98089445,0
247,55481862,1
248,86139906,1
249,54547823,1
250,23377571,1
251,40897948,1
252,85454157,1
253,61487973,0
254,87616881,1
255,76627179,1
256,25934803,1
257,25746090,1
258,69819562,1
259,25801979,0
260,10628526,1
261,86090594,1
262,18363503,1
263,57804526,1
264,91341135,1
265,62689626,0
266,44995389,1
267,36791587,1
268,44204720,1
269,59517038,1
270,23155048,1
271,49993127,1
272,31096552,1
273,51397989,1
274,75152631,0
275,33152441,1
276,25018111,1
277,33763556,1
278,47745816,1
279,38740486,1
280,17363557,1
281,15576366,1
282,77310318,1
283,31875292,1
284,90061802,0
285,24280128,1
286,51085817,0
287,77769847,0
288,42200448,1
289,98856770,1
290,40202870,0
291,90832209,0
292,94024469,0
293,62521095,1
294,75083548,1
295,88052578,0
296,59061166,1
297,36816659,1
298,31031922,1
299,12280108,1
300,66956456,0
301,66807938,1
302,71304809,1
303,69097120,0
304,34231523,1
305,53543301,1
306,20848541,1
307,22082201,1
308,81814430,0
309,55175651,1
310,78840598,1
311,72581676,0
312,15403268,1
313,86093597,1
314,27224834,1
315,55964982,1
316,31685960,1
317,13559691,1
318,15527321,1
319,73617964,1
320,10352558,1
321,57849033,0
322,84755003,1
323,91294999,1
324,15306079,1
325,40876360,1
326,83587787,0
327,77890116,1
328,36478939,0
329,94420087,0
330,34488408,1
331,88944357,0
332,16064438,1
333,92541379,0
334,55487707,1
335,11260697,1
336,81557228,1
337,80788052,0
338,34368741,0
339,20258519,1
340,72835841,1
341,68145665,1
342,50849907,0
343,78651337,0
344,70443868,0
345,26906189,1
346,14004462,1
347,64573023,1
348,41794200,0
349,97447207,1
350,26454580,1
351,87415814,1
352,56040585,0
353,68763231,1
354,49242678,1
355,54237847,1
356,23164680,1
357,35670586,0
358,69608881,1
359,94213239,1
360,16310098,0
361,44351953,1
362,14179737,0
363,96900527,0
364,26750165,1
365,18803896,1
366,19362123,1
367,81108258,1
368,25724194,1
369,29383575,0
370,45457304,1
371,14099010,0
372,72542308,0
373,39641828,1
374,61267781,0
375,57459909,1
376,82061754,1
377,98948762,1
378,82192023,0
379,64896820,0
380,74434006,0
381,33840727,0
382,43870947,0
383,70734433,1
384,79547704,0
385,35413162,0
386,72981855,1
387,45181879,1
388,41535586,1
389,26573733,0
390,41751237,1
391,37269766,1
392,54102818,1
393,37861656,0
394,23823203,0
395,46159044,0
396,52539658,1
397,33810543,0
398,76878189,1
399,10155947,0
400,31092004,1
401,39407834,0
402,80000740,0
403,78920870,0
404,39476696,1
405,83818604,1
406,51884070,1
407,81607414,1
408,32081118,1
409,38899097,0
410,87121537,1
411,57111840,1
412,98431757,0
413,71610656,1
414,75884575,1
415,29180821,1
416,12158823,1
417,54260975,0
418,15144802,1
419,59011966,1
420,71800865,1
421,66054103,1
422,12443449,0
423,22079983,0
424,36921426,0
425,90239199,0
426,36898192,0
427,33869977,0
428,22142976,0
429,38465286,1
430,53876052,0
431,69774047,1
432,25289549,1
433,15995870,1
434,23445439,0
435,21302198,1
436,71693785,1
437,12670529,0
438,53865896,1
439,53004082,1
440,58362249,1
441,67113156,1
442,97054764,1
443,68379319,1
444,43455017,1
445,70649750,0
446,69486905,1
447,48634878,1
448,72672059,1
449,52818979,0
450,71740249,1
451,51643104,1
452,26510682,0
453,35814154,0
454,77433317,1
455,53598146,1
456,15049774,1
457,67640867,0
458,73650512,1
459,55510702,0
460,62894522,1
461,28096378,1
462,87902072,0
463,67871912,0
464,99940875,0
465,37956396,1
466,96678656,1
467,61147938,1
468,50833993,1
469,66155605,0
470,78397485,1
471,88079671,1
472,18673221,0
473,84200269,1
474,74888128,1
475,41372548,1
476,17975938,1
477,38659658,1
478,61492497,1
479,95522893,1
480,80126136,0
481,18110563,0
482,80357582,1
483,21224559,0
484,36029350,1
485,45745699,0
486,12674901,0
487,60578432,0
488,54472534,0
489,97765584,1
490,74859965,0
491,15961871,1
492,34080369,1
493,47182551,0
494,95525874,0
495,88935382,1
496,77250893,1
497,88289991,0
498,26824980,1
499,16176944,1
500,73361863,0
501,17542311,1
502,22662574,0
503,77342468,0
504,15113347,1
505,25470015,0
506,12853134,1
507,38477614,0
508,75782090,1
509,75280625,1
510,74229504,0
511,36362239,0
512,12934767,1
513,51614070,1
514,54198385,1
515,88330005,0
516,33259241,1
517,28693567,1
518,73371518,1
519,18109747,1
520,97924004,0
521,54698115,0
522,55577532,0
523,74511726,1
524,98488155,1
525,39056044,1
526,80486578,0
527,51985818,1
528,46313874,1
529,61830510,0
530,50704213,1
531,69184045,1
532,86602987,1
533,75840955,1
534,34950000,1
535,34125150,1
536,84197958,1
537,39233096,1
538,77225089,1
539,69628241,1
540,95647648,0
541,79509821,1
542,74823515,1
543,26823948,1
544,47617820,1
545,35568761,0
546,59264230,1
547,30062645,1
548,29987270,0
549,80550799,1
550,58434786,1
551,13635632,0
552,11195216,1
553,14023293,1
554,20979329,1
555,64860596,1
556,21596940,1
557,49152932,1
558,71132128,1
559,32065296,1
560,52021500,1
561,12794228,1
562,73678342,1
563,87037258,1
564,46884656,1
565,51139384,1
566,87161085,1
567,29446271,1
568,93529506,1
569,72349623,1
570,90520982,1
571,65065700,1
572,98793866,1
573,36064406,1
574,84065016,1
575,16088194,1
576,24663782,1
577,26535972,0
578,40281825,1
579,83532503,1
580,69164900,1
581,40867199,0
582,39566140,0
583,74706250,1
584,51303646,0
585,63696874,1
586,35381961,1
587,27501927,1
588,49720345,1
589,29579996,0
590,65934421,1
591,98187071,0
592,67484313,1
593,56753255,0
594,66579709,1
595,30304005,1
596,90160916,1
597,10570323,1
598,79343763,0
599,12768522,0
600,80813684,1
601,35343067,0
602,50538728,1
603,99910041,0
604,93578277,1
605,98221482,1
606,12058502,0
607,45009124,1
608,47790040,1
609,23618666,0
610,68711935,1
611,95720236,0
612,84510797,1
613,19374236,1
614,63031921,1
615,78509549,0
616,80520573,1
617,39269413,0
618,88308547,1
619,88969694,1
620,28116804,0
621,34705944,1
622,56163625,0
623,60455481,1
624,93442237,0
625,62712543,0
626,52887630,0
627,73286409,0
628,14073953,1
629,49373366,1
630,61322929,1
631,22488733,1
632,28841546,1
633,32203452,1
634,85659351,1
635,24596561,1
636,67767993,0
637,69960249,0
638,62219507,1
639,13706503,0
640,48850599,0
641,26253463,1
642,89722399,0
643,15696832,1
644,85936441,1
645,68375319,0
646,84078803,1
647,73872381,1
648,67912143,0
649,63753607,0
650,94535892,1
651,93165728,1
652,68901988,1
653,40406137,0
654,84351290,1
655,93345554,1
656,30307319,1
657,83014567,0
658,60996599,0
659,13950715,0
660,66902744,1
661,84111753,0
662,38783093,1
663,50040654,1
664,29228787,1
665,88645949,1
666,83068288,0
667,49858273,1
668,14324818,0
669,86440680,1
670,45978067,1
671,17822667,1
672,50315509,0
673,45188066,1
674,15528078,1
675,95144755,1
676,24209121,0
677,53060235,0
678,72971019,1
679,18942211,1
680,80593292,0
681,23719045,0
682,95649865,1
683,18998020,1
684,26351556,0
685,52704417,1
686,57676142,1
687,87848487,0
688,49389392,1
689,38063357,1
690,58412730,1
691,36290825,1
692,63890219,0
693,39668732,0
694,44791464,1
695,53871480,1
696,81458839,1
697,58458206,0
698,29117477,1
699,84971009,1
700,82706269,1
701,29485884,0
702,17966626,0
703,62063574,0
704,90446744,0
705,23264072,1
706,21865104,1
707,96108209,1
708,80985576,1
709,94453560,1
710,86500086,1
711,48702244,1
712,26211402,0
713,33186707,0
714,92223248,0
715,38128906,1
716,91214618,1
717,39698108,0
718,11665681,0
719,66929747,0
720,93413298,1
721,68898977,0
722,57155809,0
723,62409696,1
724,30473315,1
725,58925938,1
726,68213586,1
727,20932657,1
728,41351000,1
729,91835938,1
730,62035882,0
731,91168582,1
732,72198033,0
733,19838828,1
734,42760572,1
735,47033760,1
736,60929503,0
737,58994892,1
738,47505838,0
739,40442685,1
740,61605625,1
741,76149971,0
742,19721361,1
743,50244470,0
744,13950747,1
745,69311320,1
746,62949120,1
747,87804382,1
748,97829208,1
749,42974764,0
750,77000826,0
751,70050019,0
752,71472576,1
753,69851189,0
754,37133228,1
755,52223553,1
756,81940085,1
757,42392677,0
758,74078757,0
759,66054613,1
760,63164367,0
761,94322134,1
762,91939347,1
763,11803485,1
764,70393206,0
765,98260478,0
766,50718965,0
767,90435342,1
768,26994230,1
769,69384424,1
770,68479075,1
771,66780877,0
772,82612822,1
773,19349030,1
774,88404487,1
775,65967738,1
776,99850437,0
777,99655918,1
778,89268770,1
779,44955517,0
780,71156963,1
781,85509956,0
782,16128549,1
783,81827080,1
784,43878812,1
785,70071751,1
786,53496127,1
787,55498726,0
788,27530040,1
789,78972485,0
790,15779339,1
791,89810284,1
792,84171371,1
793,21684550,1
794,94323343,0
795,63496046,1
796,12504877,0
797,35295537,0
798,22064519,0
799,41795652,1
800,66441893,0
801,25031520,0
802,33906178,0
803,95132184,0
804,38434075,1
805,66606264,1
806,69866997,0
807,64609547,1
808,38659872,1
809,62058483,1
810,76015200,1
811,71124809,1
812,50554471,0
813,91175891,0
814,65519330,1
815,89376725,1
816,82850777,1
817,40719914,1
818,90790860,0
819,15452825,0
820,69158271,1
821,26970644,1
822,13361843,1
823,28468789,0
824,48042305,1
825,96250762,0
826,21610439,1
827,34470527,0
828,17171650,1
829,29129576,1
830,97980118,0
831,48621337,1
832,84144720,0
833,51664438,1
834,67097954,1
835,83899588,0
836,41389504,1
837,14140936,1
838,78074886,0
839,53220790,1
840,70785760,1
841,64537633,0
842,97694705,1
843,60708624,0
844,12907643,0
845,37224316,0
846,91552759,1
847,71494474,0
848,18701292,1
849,44326515,1
850,28045430,1
851,22529386,1
852,10211370,1
853,29605592,1
854,59090336,1
855,28877777,1
856,27435986,1
857,45237435,1
858,19667117,1
859,44942399,0
860,50923536,1
861,20564446,1
862,11686399,0
863,20910637,1
864,56418458,1
865,66692551,1
866,16024852,1
867,91612923,0
868,93701916,0
869,14839216,1
870,68472291,1
871,24627185,1
872,79154887,1
873,52180965,1
874,69173213,1
875,43302799,0
876,96469324,1
877,22221119,1
878,56324480,0
879,51833821,1
880,93002002,1
881,19674165,0
882,61043807,1
883,43724217,1
884,70111962,1
885,48883897,1
886,96290482,0
887,28139864,1
888,90773564,0
889,69379901,1
890,42786089,1
891,89944866,1
892,23722264,1
893,90156521,0
894,53106121,1
895,51864889,1
896,76483296,1
897,77534591,1
898,31671199,1
899,39720767,0
900,90170130,1
901,62686064,1
902,93735584,0
903,74080223,1
904,12222996,1
905,61600722,1
906,48259488,0
907,86686192,1
908,36769705,1
909,14729797,1
910,15791577,0
911,22722324,0
912,94058909,1
913,22889889,0
914,52016848,0
915,12296342,0
916,25195883,0
917,86802631,1
918,31541972,0
919,65216043,1
920,35211694,0
921,25259935,1
922,72170469,1
923,84831965,0
924,27594601,0
925,30932422,1
926,96534471,1
927,88972584,1
928,79080765,1
929,42377372,1
930,89532500,1
931,93960571,0
932,29087026,1
933,30267911,1
934,80608255,1
935,63942901,0
936,13021889,1
937,63650300,1
938,96157600,1
939,42289140,1
940,76894502,0
941,31550165,1
942,35038314,1
943,71388399,1
944,71011779,1
945,81958100,1
946,62545703,1
947,33938253,1
948,10552161,0
949,34658172,0
950,93145795,1
951,37999100,1
952,78696148,0
953,19674957,1
954,28587117,0
955,44955469,1
956,11389745,1
957,58967769,1
958,25642790,0
959,40857974,1
960,96670177,0
961,66385888,1
962,39742269,1
963,68634969,1
964,86363228,1
965,20207418,0
966,61425274,1
967,69427534,1
968,89213504,1
969,96172246,0
970,49496679,0
971,72638988,1
972,66167759,1
973,30432230,0
974,99255017,1
975,89074575,1
976,92989686,0
977,77623937,0
978,79460995,1
979,75184144,1
980,23936563,1
981,15078407,0
982,75018500,1
983,38629836,1
984,71479458,1
985,41578363,0
986,13250752,1
987,46786916,1
988,29392865,1
989,33912607,1
990,12889996,0
991,79129021,1
992,21748156,0
993,21313046,1
994,66994256,1
995,45256701,1
996,59754603,0
997,43265886,1
998,35500537,1
999,15551810,1
1000,30958693,1
1001,11213741,0
1002,58191497,1
1003,19491820,1
1004,37165192,1
1005,58024792,1
1006,90071730,0
1007,54254824,0
1008,57698011,0
1009,23147800,1
1010,93636990,1
1011,53498270,0
1012,33422564,1
1013,94048197,1
1014,58503774,1
1015,63079592,1
1016,52728930,1
1017,63935988,1
1018,56577231,1
1019,18307006,1
1020,29220604,1
1021,29873304,1
1022,25489487,1
1023,69091708,1
1024,41979725,1
1025,38563632,1
1026,37060231,1
1027,97896608,1
1028,78143198,1
1029,17975653,1
1030,33271980,1
1031,66712111,0
1032,19245451,0
1033,46331364,1
1034,74346272,1
1035,47405170,0
1036,86946717,1
1037,70453144,1
1038,81748918,1
1039,33977123,0
1040,64954784,1
1041,56564237,0
1042,98435029,1
1043,50889874,1
1044,28849431,1
1045,90673449,0
1046,58847890,0
1047,66111871,1
1048,57136416,1
1049,23236436,1
1050,29675636,1
1051,14071203,0
1052,44428883,1
1053,90145813,1
1054,94243533,0
1055,75291508,0
1056,69591217,0
1057,48623161,0
1058,29607649,1
1059,22889983,1
1060,82530439,0
1061,69262241,0
1062,12903198,0
1063,92951187,1
1064,19921212,1
1065,93823677,1
1066,98399988,1
1067,69431075,0
1068,39862493,1
1069,22277998,0
1070,74308671,0
1071,88382354,1
1072,95786018,0
1073,45489317,1
1074,67253200,0
1075,54952697,1
1076,56397701,1
1077,75232682,1
1078,12681551,0
1079,57886111,1
1080,95173456,1
1081,61262851,1
1082,92688129,1
1083,11919186,0
1084,24196187,0
1085,16153539,0
1086,48811267,1
1087,99529287,1
1088,89333715,1
1089,31709325,1
1090,89653149,1
1091,62980143,1
1092,31138838,0
1093,82074423,0
1094,24131456,1
1095,87452103,1
1096,72280861,1
1097,99154073,1
1098,77414546,1
1099,44218140,1
1100,27419205,0
1101,94629822,1
1102,32580157,1
1103,79949352,0
1104,64887111,1
1105,15335995,1
1106,81425571,0
1107,92797251,1
1108,25350620,1
1109,76745264,0
1110,13444270,1
1111,11230608,1
1112,52163529,1
1113,24655135,0
1114,11295517,1
1115,16521638,1
1116,89412250,0
1117,92289871,0
1118,26089094,0
1119,98286552,0
1120,83300169,1
1121,77264805,1
1122,50705044,1
1123,43260946,0
1124,84893573,1
1125,86677409,1
1126,16240468,1
1127,70403504,0
1128,81375603,0
1129,40018092,0
1130,90046707,0
1131,45041246,0
1132,54342445,0
1133,26796156,0
1134,14059552,1
1135,68502295,0
1136,15656563,1
1137,35918316,1
1138,30717605,1
1139,61028062,1
1140,97071841,1
1141,75332597,1
1142,78249829,1
1143,45217783,0
1144,79856021,1
1145,95593549,0
1146,92832630,1
1147,24317053,0
1148,40993911,1
1149,30834252,1
1150,86320551,0
1151,12253907,0
1152,90340421,1
1153,74219918,1
1154,35808019,0
1155,30593968,1
1156,11563234,1
1157,72841721,1
1158,19207731,0
1159,72861788,0
1160,25484152,1
1161,52551939,1
1162,22243395,1
1163,68871895,0
1164,42664153,0
1165,67382134,1
1166,40420824,1
1167,67789341,1
1168,18231612,0
1169,64989812,1
1170,69217078,1
1171,93271735,0
1172,35056830,1
1173,23487967,0
1174,66973985,1
1175,95459793,1
1176,23716630,1
1177,31791559,0
1178,61096923,0
1179,57281347,0
1180,43256508,1
1181,33946484,1
1182,47253685,1
1183,50538296,0
1184,71729380,1
1185,47591281,1
1186,81714142,1
1187,74818932,1
1188,89142308,1
1189,47659651,1
1190,43541721,1
1191,24474988,1
1192,56716783,1
1193,11483578,1
1194,48571224,1
1195,89402639,1
1196,94919503,1
1197,31678860,0
1198,90059146,0
1199,35664372,0
1200,52338784,1
1201,87021680,1
1202,18366672,1
1203,82322830,1
1204,66680041,0
1205,43919872,1
1206,33141821,0
1207,18603371,1
1208,54564944,1
1209,51538727,1
1210,45281202,0
1211,72074537,0
1212,48145544,1
1213,89977168,1
1214,53634052,1
1215,70676031,1
1216,63264391,1
1217,37914780,1
1218,26045891,0
1219,91472890,1
1220,45060165,1
1221,54382764,1
1222,95892800,1
1223,86902114,0
1224,62331358,1
1225,59714126,1
1226,95242416,0
1227,89118423,0
1228,40148661,0
1229,92289405,0
1230,45037000,1
1231,90092765,1
1232,44587183,1
1233,39477910,1
1234,62065520,0
1235,59563864,1
1236,15876586,1
1237,15656292,1
1238,30634743,0
1239,37767977,1
1240,18639328,0
1241,18479945,1
1242,75294753,0
1243,45329741,1
1244,13218979,1
1245,34766323,1
1246,91734538,0
1247,50771503,1
1248,13360829,1
1249,76396585,1
1250,80481511,1
1251,81823257,1
1252,54788445,1
1253,76157346,1
1254,44922676,1
1255,21896369,1
1256,28949045,1
1257,10567310,1
1258,80003630,1
1259,18570268,1
1260,17952001,0
1261,29710804,0
1262,94969478,0
1263,24130648,1
1264,71442043,1
1265,52986979,1
1266,51474923,1
1267,92375648,1
1268,92784600,0
1269,52268847,0
1270,93155977,0
1271,66459830,0
1272,24737403,0
1273,83743932,0
1274,68886141,1
1275,95295130,0
1276,82682405,1
1277,57672624,1
1278,15516593,1
1279,70887511,1
1280,11437470,1
1281,80774707,1
1282,92583394,1
1283,70266188,1
1284,10994148,1
1285,81936787,0
1286,28512134,1
1287,40005496,0
1288,79027761,1
1289,11402628,1
1290,34700463,0
1291,94252612,1
1292,50882690,1
1293,18512921,1
1294,71967553,0
1295,46663726,0
1296,35248341,1
1297,51725812,1
1298,65726485,1
1299,42332177,1
1300,36799348,0
1301,77733397,0
1302,30963959,0
1303,32686028,0
1304,32949114,1
1305,19206921,1
1306,46708374,1
1307,35244382,1
1308,53030387,0
1309,15584595,0
1310,67820987,1
1311,21722788,1
1312,81515147,1
1313,74280544,1
1314,93826737,0
1315,32987421,1
1316,24410127,1
1317,31730438,1
1318,59511606,0
1319,58543977,1
1320,20983782,1
1321,34658615,0
1322,96907503,1
1323,51180296,0
1324,37321168,1
1325,65207653,1
1326,71309434,1
1327,60262639,1
1328,49078377,0
1329,37656469,1
1330,62952110,1
1331,36205224,1
1332,88119452,1
1333,35694788,1
1334,77915571,1
1335,45358721,1
1336,65931542,1
1337,22972288,1
1338,35476781,1
1339,59623210,1
1340,45368372,0
1341,49509319,1
1342,83048215,0
1343,74487713,1
1344,99238599,1
1345,67791832,1
1346,24909285,1
1347,22672937,1
1348,31755980,0
1349,27230833,1
1350,54213419,1
1351,74200843,1
1352,81059548,1
1353,89725555,0
1354,38308229,1
1355,19538969,1
1356,22286945,1
1357,64148109,0
1358,17908962,0
1359,25269783,1
1360,59949184,1
1361,76078970,0
1362,91528734,1
1363,20733584,0
1364,30447103,1
1365,19956162,1
1366,10458286,1
1367,48102870,1
1368,33022290,1
1369,29482897,0
1370,33442502,1
1371,48357101,1
1372,26819919,1
1373,40363742,1
1374,37299833,0
1375,86639592,0
1376,46387507,0
1377,46151170,1
1378,69919045,1
1379,57156936,0
1380,16078875,1
1381,45841105,0
1382,53046721,1
1383,43404829,0
1384,86048528,0
1385,42497610,1
1386,65372062,1
1387,61191899,1
1388,54422497,1
1389,93488735,0
1390,40016513,0
1391,13787120,0
1392,58159497,1
1393,87668882,1
1394,39511906,0
1395,50415893,1
1396,11046088,0
1397,62558908,1
1398,77244199,1
1399,66283533,0
1400,58415730,0
1401,10496971,1
1402,24565167,0
1403,78543536,1
1404,62992339,1
1405,33863569,1
1406,18394124,1
1407,20420096,1
1408,41664484,1
1409,20109784,1
1410,29854952,1
1411,75239101,1
1412,35913365,0
1413,43116642,1
1414,80323853,1
1415,47260073,1
1416,43029897,0
1417,58967927,1
1418,17547185,0
1419,49492671,1
1420,43975042,0
1421,95680438,1
1422,44365751,1
1423,42456089,0
1424,83931239,1
1425,53150360,1
1426,60840982,0
1427,67293022,0
1428,17005493,1
1429,15528272,1
1430,54900499,1
1431,54788820,1
1432,78041970,0
1433,89365842,1
1434,10461050,0
1435,58515554,1
1436,19372751,0
1437,76180051,0
1438,21559608,0
1439,91588873,1
1440,40241658,1
1441,78687935,1
1442,16398613,0
1443,42432111,1
1444,66386610,1
1445,52693772,1
1446,98550226,0
1447,49794922,0
1448,96476472,0
1449,86197392,1
1450,26321985,1
1451,89119015,1
1452,55957684,0
1453,73683144,1
1454,66001331,0
1455,43351675,1
1456,88697325,1
1457,56704684,1
1458,20003168,1
1459,42907328,0
1460,87636511,1
1461,68100953,0
1462,65847992,1
1463,20135156,1
1464,75513986,1
1465,97164324,1
1466,76585283,1
1467,16341614,1
1468,71652747,0
1469,42922051,1
1470,87884849,0
1471,70836864,1
1472,43096668,0
1473,34144984,0
1474,79768756,1
1475,13860005,0
1476,34377197,0
1477,30300244,0
1478,25471508,0
1479,11899817,0
1480,89136720,1
1481,92296335,1
1482,86991803,1
1483,50326299,1
1484,13014052,0
1485,74561264,1
1486,80350601,1
1487,39982182,1
1488,35931898,1
1489,63629673,0
1490,71056612,1
1491,96573866,0
1492,64150380,1
1493,57388599,0
1494,10140908,0
1495,86954936,1
1496,44032891,1
1497,29259183,1
1498,75745243,1
1499,94107207,1
1500,95552201,0
1501,62190668,1
1502,67607515,1
1503,78338429,0
1504,52124246,1
1505,82441861,1
1506,46064978,0
1507,53615144,0
1508,10779648,1
1509,40471456,0
1510,29862331,1
1511,23454638,1
1512,72351534,1
1513,72520867,0
1514,19409632,1
1515,56217082,1
1516,23129730,1
1517,64943783,1
1518,44088098,0
1519,40299720,1
1520,97211212,1
1521,14278214,1
1522,76695269,1
1523,80018462,0
1524,92804924,0
1525,65898264,1
1526,12193114,1
1527,79078279,1
1528,11237341,1
1529,56634696,1
1530,90895676,1
1531,51872992,1
1532,72306089,1
1533,18416841,0
1534,23507299,1
1535,16483411,0
1536,91002497,1
1537,86142198,1
1538,19317686,1
1539,43449732,0
1540,86872283,0
1541,11624915,0
1542,40049020,1
1543,36205687,1
1544,50843568,1
1545,56274116,1
1546,55183007,0
1547,66521568,0
1548,48034133,1
1549,52318836,0
1550,44048507,1
1551,67162018,0
1552,39088145,1
1553,23623492,1
1554,38014942,1
1555,94000533,0
1556,94287079,1
1557,25473875,1
1558,64879113,1
1559,24896252,1
1560,63177016,0
1561,30408938,1
1562,63208040,1
1563,16987301,1
1564,81033162,0
1565,63662657,1
1566,84393908,1
1567,71182569,1
1568,36438878,1
1569,58412697,1
1570,92204306,1
1571,18474154,0
1572,26962328,1
1573,53532724,1
1574,24814088,1
1575,85527309,0
1576,97598388,1
1577,97980919,0
1578,50711288,1
1579,14507742,1
1580,74547573,0
1581,89733799,1
1582,10860622,0
1583,71897508,1
1584,77929053,1
1585,38331865,1
1586,63029910,0
1587,48951086,1
1588,78609927,1
1589,85986137,1
1590,80442678,1
1591,32013449,1
1592,66815022,0
1593,59373207,1
1594,61095842,1
1595,54792716,1
1596,31937774,1
1597,27821304,1
1598,46761557,0
1599,68788926,1
1600,78735153,1
1601,71000804,0
1602,70706044,1
1603,32741572,1
1604,72272061,1
1605,67249148,0
1606,41690012,1
1607,59354420,1
1608,97474354,0
1609,57705313,1
1610,29379708,1
1611,41500253,1
1612,29799959,1
1613,33422380,0
1614,67415756,1
1615,32013645,1
1616,76552211,0
1617,12811200,1
1618,93353086,1
1619,61608279,1
1620,46798710,1
1621,68430020,1
1622,20676235,1
1623,42675677,0
1624,92647331,1
1625,36565639,0
1626,48022224,0
1627,96896952,0
1628,34006167,1
1629,22489514,1
1630,59874114,1
1631,24801623,1
1632,93781092,1
1633,99071947,1
1634,90856618,0
1635,19414004,0
1636,79292995,1
1637,32020956,1
1638,27909191,1
1639,86955586,1
1640,70053002,1
1641,33769895,0
1642,98477535,1
1643,76726840,1
1644,50888959,0
1645,28060064,1
1646,46725179,0
1647,30758559,0
1648,71583280,0
1649,19700120,1
1650,97607686,0
1651,73024899,0
1652,74302032,1
1653,35951649,0
1654,69003332,1
1655,37113894,1
1656,87615941,1
1657,54651422,1
1658,84514828,1
1659,11690683,1
1660,98227627,1
1661,14408693,1
1662,63258001,0
1663,61725768,1
1664,59425000,1
1665,10638145,0
1666,67774174,1
1667,60261332,1
1668,55295382,1
1669,31145068,1
1670,24502493,1
1671,58839703,1
1672,86552430,1
1673,24573075,1
1674,40941978,1
1675,30391838,1
1676,52154009,0
1677,56163361,1
1678,91634638,0
1679,66782430,1
1680,87018603,1
1681,40109122,1
1682,81229400,1
1683,98502723,0
1684,88756798,0
1685,17096384,1
1686,65837675,0
1687,38008051,0
1688,66691823,0
1689,94049856,1
1690,61705153,1
1691,43683025,1
1692,84330359,1
1693,54170100,1
1694,56410819,1
1695,87777808,1
1696,39910083,1
1697,63489632,1
1698,18313863,1
1699,82311258,1
1700,69160254,0
1701,87473849,0
1702,13075249,1
1703,15307149,1
1704,45688727,0
1705,37888241,0
1706,35566854,0
1707,41906063,1
1708,68339067,1
1709,40149898,1
1710,53840713,0
1711,90504990,1
1712,88051657,1
1713,56567993,1
1714,41481449,1
1715,27354998,0
1716,53233866,0
1717,66259975,1
1718,86625446,1
1719,83071163,1
1720,43929601,0
1721,93831587,1
1722,72665850,1
1723,54339216,0
1724,80634018,1
1725,65824453,1
1726,99094701,1
1727,61723807,1
1728,10086539,1
1729,42325898,1
1730,59522415,1
1731,38431899,0
1732,74834871,1
1733,52590365,1
1734,12842952,1
1735,69233083,1
1736,83312895,1
1737,51856663,0
1738,47208859,1
1739,80912446,0
1740,53025414,0
1741,59660376,1
1742,43033204,1
1743,66251867,0
1744,58877508,1
1745,77294326,0
1746,63312777,1
1747,10147994,0
1748,82324932,0
1749,62667006,0
1750,51412004,1
1751,19435513,1
1752,12000296,1
1753,98487618,1
1754,41145529,1
1755,42120046,1
1756,76631097,1
1757,76824124,1
1758,43843716,0
1759,68456520,0
1760,82859102,1
1761,63822647,1
1762,94911841,0
1763,78928254,1
1764,12268923,0
1765,88920520,1
1766,32825357,1
1767,57966575,1
1768,82252791,0
1769,63447496,1
1770,44293931,0
1771,43643719,0
1772,99408187,1
1773,95058627,1
1774,22216036,0
1775,98647235,1
1776,50158798,0
1777,77527844,1
1778,79731275,0
1779,73249115,1
1780,11123945,1
1781,71594251,1
1782,40583648,1
1783,90663009,0
1784,71646882,1
1785,47458170,0
1786,92922694,0
1787,38078716,1
1788,60651022,1
1789,17782946,1
1790,44287411,1
1791,79986586,1
1792,67266577,0
1793,40897956,1
1794,99643747,1
1795,76425952,0
1796,82955159,1
1797,68135865,1
1798,54239540,1
1799,44622509,1
1800,14571094,1
1801,16327927,1
1802,35917731,0
1803,88969654,0
1804,70131624,1
1805,74882109,0
1806,19222013,1
1807,62018683,1
1808,82923038,1
1809,81585158,1
1810,59033230,0
1811,19942582,1
1812,73216986,1
1813,32484420,0
1814,69113105,1
1815,77493872,0
1816,43366434,1
1817,28030841,0
1818,39424497,1
1819,88458099,0
1820,28125534,1
1821,22839553,1
1822,49290500,0
1823,75771625,1
1824,72350037,1
1825,35551608,1
1826,65079993,0
1827,72899637,0
1828,82682741,0
1829,24058348,1
1830,10566728,0
1831,85286946,1
1832,93957211,1
1833,92241879,1
1834,33276884,0
1835,15067701,1
1836,19384629,1
1837,29504049,1
1838,92426203,0
1839,22467211,0
1840,72465852,1
1841,44004813,0
1842,25038601,1
1843,52915719,1
1844,81793348,1
1845,40647689,1
1846,97497108,0
1847,65113169,0
1848,70842808,0
1849,37402508,1
1850,77638362,0
1851,14745382,1
1852,31562129,0
1853,30202836,1
1854,45690356,1
1855,34348316,1
1856,28217453,1
1857,24275271,1
1858,21655908,1
1859,74908236,0
1860,46919754,1
1861,57225056,1
1862,26069143,0
1863,21523309,0
1864,61651583,1
1865,30076570,1
1866,80479813,1
1867,12234011,1
1868,53767431,1
1869,82544495,1
1870,64144382,1
1871,49240965,1
1872,80773037,1
1873,96120366,1
1874,50243703,0
1875,87983303,0
1876,85487958,1
1877,16177868,1
1878,94952571,1
1879,27235731,0
1880,95651207,1
1881,38499406,0
1882,52285155,1
1883,16474498,0
1884,35011324,0
1885,26670421,0
1886,16970209,1
1887,73422581,1
1888,42243112,1
1889,31776978,1
1890,94166119,0
1891,25911457,1
1892,43623805,0
1893,31534870,1
1894,50739842,1
1895,87139635,0
1896,30317779,1
1897,51901429,1
1898,74672877,1
1899,83445290,1
1900,51039410,1
1901,95812692,1
1902,47237364,0
1903,14795627,0
1904,33300850,1
1905,10208611,1
1906,54715165,1
1907,76143904,1
1908,58055085,0
1909,23141152,1
1910,25365986,1
1911,30295893,1
1912,77988158,0
1913,78973765,1
1914,68170271,1
1915,30269004,0
1916,47297774,1
1917,73872256,0
1918,81470959,1
1919,55956813,1
1920,21970860,1
1921,88275415,0
1922,68989063,1
1923,56305209,1
1924,95011077,1
1925,36848743,1
1926,77406171,0
1927,11796740,1
1928,92957863,1
1929,56362626,1
1930,41295265,1
1931,50277446,0
1932,66637782,1
1933,78059616,1
1934,77345402,0
1935,99648475,0
1936,87374287,0
1937,53744082,1
1938,89925589,1
1939,68271835,1
1940,34823317,1
1941,53104046,1
1942,67220870,1
1943,30845407,1
1944,44053052,1
1945,37429063,1
1946,80227153,1
1947,79656101,1
1948,58018651,1
1949,67745337,1
1950,81079205,0
1951,73816808,1
1952,81632040,1
1953,72849824,1
1954,31969028,1
1955,99886358,1
1956,35920628,0
1957,35386213,1
1958,69774726,1
1959,96520856,0
1960,95589488,1
1961,35965905,1
1962,80639623,0
1963,32669293,1
1964,24238728,1
1965,74472760,1
1966,42224738,0
1967,28731124,1
1968,32391911,0
1969,77962723,1
1970,82341136,1
1971,59809996,1
1972,87321440,1
1973,76370825,0
1974,79535124,0
1975,23292088,0
1976,18888677,1
1977,14624657,0
1978,47215767,0
1979,75030693,0
1980,78442128,0
1981,83153001,1
1982,87327600,1
1983,23750832,1
1984,23961652,0
1985,70536205,0
1986,25193636,0
1987,83653845,1
1988,94546259,0
1989,85738357,1
1990,71484050,1
1991,93691104,1
1992,89295127,1
1993,86697703,1
1994,81107117,1
1995,16344023,0
1996,43348186,0
1997,52252570,1
1998,66655372,1
1999,99302577,1
2000,37390933,1
2001,48531199,1
2002,52487964,0
2003,22108455,1
2004,40041795,1
2005,98347165,1
2006,65949427,1
2007,51878854,1
2008,58331978,1
2009,13677899,0
2010,75804613,1
2011,68844508,1
2012,19928553,1
2013,22536222,0
2014,57989074,1
2015,79721416,1
2016,71129621,0
2017,24314541,1
2018,62765992,1
2019,41579687,0
2020,47431960,1
2021,53633857,1
2022,96799872,0
2023,65570423,1
2024,38000438,0
2025,86284056,0
2026,95793711,1
2027,35313839,0
2028,82167186,1
2029,88342968,1
2030,47529255,1
2031,79944820,0
2032,37249469,1
2033,19022374,1
2034,88184135,1
2035,91304587,1
2036,96120572,1
2037,59312799,1
2038,50303274,1
2039,91609165,1
2040,57779763,1
2041,79663593,1
2042,19549563,0
2043,62711325,1
2044,24561836,1
2045,47618093,1
2046,86043222,1
2047,33094225,0
2048,26101309,1
2049,44604160,1
2050,41409434,0
2051,32862577,1
2052,72395914,0
2053,88422559,1
2054,46347377,1
2055,95348613,1
2056,84825907,1
2057,80577936,0
2058,96488057,1
2059,18931488,1
2060,83951510,0
2061,51452944,0
2062,65262260,1
2063,34595873,1
2064,38174811,1
2065,84780747,0
2066,29006630,1
2067,68263707,1
2068,82667426,1
2069,39922979,1
2070,81406937,1
2071,86693795,1
2072,12754894,1
2073,85765520,0
2074,85251850,1
2075,87834116,0
2076,95169929,1
2077,78056345,0
2078,96459986,1
2079,74885433,1
2080,36727967,0
2081,74869129,0
2082,91642094,0
2083,77764947,1
2084,20362092,0
2085,96720540,1
2086,31118236,0
2087,89802176,1
2088,31145797,0
2089,11638807,1
2090,82326978,1
2091,27598351,1
2092,43302228,1
2093,75725495,1
2094,22932093,1
2095,58769051,1
2096,23167678,0
2097,66221183,0
2098,19153222,1
2099,27396763,1
2100,22221147,1
2101,36704271,1
2102,94328307,0
2103,82064442,1
2104,11819625,1
2105,62480533,0
2106,91674165,0
2107,78946008,1
2108,55596840,0
2109,76951372,1
2110,86150356,1
2111,68368307,1
2112,93910485,1
2113,52844931,1
2114,73806773,1
2115,61077299,1
2116,75577029,0
2117,93496433,0
2118,59314382,1
2119,83922991,0
2120,69519302,0
2121,71223043,0
2122,86155585,1
2123,14053880,0
2124,29472694,1
2125,43033955,0
2126,79686083,1
2127,86911344,0
2128,16259254,1
2129,56936565,0
2130,81019677,1
2131,98824031,1
2132,16441791,0
2133,32186319,0
2134,14647790,0
2135,15674618,1
2136,28369143,1
2137,15080687,0
2138,24944158,0
2139,69897067,1
2140,61435464,0
2141,91192686,1
2142,96224441,1
2143,21228384,1
2144,62021326,1
2145,67762997,1
2146,57821395,1
2147,90321720,1
2148,44690429,1
2149,13386690,1
2150,45303695,1
2151,55330877,1
2152,29794206,0
2153,11138026,1
2154,11404723,1
2155,57728796,1
2156,60261314,1
2157,35064939,1
2158,91707064,0
2159,59706926,1
2160,10813722,0
2161,80643755,1
2162,46418418,1
2163,86382869,1
2164,87205651,1
2165,95590015,1
2166,85680361,1
2167,50493616,1
2168,23436290,1
2169,61867037,1
2170,99594793,0
2171,72257092,1
2172,53600109,1
2173,44423593,1
2174,71075769,0
2175,29808425,1
2176,82428143,0
2177,62845748,1
2178,81978525,0
2179,83864795,1
2180,67832424,1
2181,32527878,1
2182,60927643,1
2183,67197114,1
2184,65714716,1
2185,26661253,1
2186,66408257,1
2187,12509735,1
2188,88676030,1
2189,66639060,1
2190,99574519,0
2191,73591077,1
2192,13555047,1
2193,22957822,1
2194,82422425,1
2195,58095082,1
2196,19604662,0
2197,33075821,1
2198,97029986,0
2199,94265571,1
2200,96472836,1
2201,45730545,0
2202,13670114,1
2203,84565361,0
2204,97091028,1
2205,23836161,1
2206,13277822,0
2207,40875793,1
2208,92401570,0
2209,18109025,1
2210,22897168,1
2211,39291846,0
2212,25933613,1
2213,71255275,1
2214,28542874,0
2215,43185890,1
2216,87215250,0
2217,64578784,0
2218,90166740,1
2219,31466114,0
2220,51256781,1
2221,79386498,0
2222,28538133,1
2223,89059050,1
2224,20760224,0
2225,68836398,1
2226,57045876,0
2227,79475734,1
2228,64885395,1
2229,66368681,0
2230,25323158,0
2231,27392830,0
2232,15161671,1
2233,69525670,1
2234,70276817,1
2235,46340611,1
2236,95396982,1
2237,27286122,1
2238,87357469,1
2239,36024847,1
2240,72417930,1
2241,56973969,1
2242,25297546,1
2243,99145683,1
2244,76484647,1
2245,49329354,0
2246,18619286,1
2247,69855054,1
2248,61154474,0
2249,29002798,1
2250,37330651,1
2251,74788970,1
2252,36454631,1
2253,93742632,0
2254,98252127,0
2255,99202795,1
2256,18410777,1
2257,28004398,1
2258,72305748,1
2259,24624214,1
2260,39742137,1
2261,26929732,0
2262,92109513,1
2263,37622061,0
2264,76535973,1
2265,55340940,0
2266,79503709,0
2267,56938637,1
2268,64137546,1
2269,72020832,1
2270,41709977,0
2271,41883123,1
2272,63780637,1
2273,56429088,1
2274,95356433,1
2275,64406500,0
2276,10153124,1
2277,52920482,1
2278,75331836,0
2279,98200967,1
2280,44768876,0
2281,26717081,1
2282,52362852,1
2283,37266359,0
2284,76744566,1
2285,78838958,1
2286,24428261,0
2287,71305734,0
2288,67639701,0
2289,63658926,1
2290,41102831,1
2291,46172099,0
2292,70999128,0
2293,63387226,0
2294,23028843,0
2295,11938973,1
2296,50122338,1
2297,72966581,1
2298,80273187,1
2299,63990830,1
2300,16209459,1
2301,32886147,0
2302,20970936,1
2303,21211783,1
2304,60705884,0
2305,63273904,1
2306,99160554,0
2307,39099491,0
2308,14391958,0
2309,73671098,1
2310,81532585,1
2311,35777806,0
2312,96637133,1
2313,32873552,0
2314,13999035,0
2315,58984822,1
2316,24178503,1
2317,62869333,1
2318,89207892,1
2319,91017256,1
2320,61965479,1
2321,20193611,1
2322,47420127,0
2323,91933262,1
2324,55718584,0
2325,86298951,0
2326,23524954,1
2327,94260737,1
2328,25531833,0
2329,83011919,1
2330,16922155,1
2331,69853659,1
2332,18756929,1
2333,39993690,0
2334,84352266,1
2335,43455814,1
2336,73663449,0
2337,47398853,1
2338,56882507,1
2339,20378666,1
2340,49518575,1
2341,80641463,1
2342,41040616,1
2343,77965135,1
2344,41501194,1
2345,37872388,1
2346,75966620,1
2347,49741899,1
2348,73275482,0
2349,62765622,1
2350,91371511,0
2351,26499429,1
2352,85489697,1
2353,78060202,0
2354,58918873,0
2355,48725235,1
2356,36900955,0
2357,42535530,0
2358,28270461,1
2359,87805890,1
2360,45328868,0
2361,65287802,1
2362,42434914,1
2363,18627458,1
2364,30308229,1
2365,21436041,0
2366,71310581,1
2367,23530538,1
2368,65028760,1
2369,35216651,1
2370,37494081,0
2371,16069600,0
2372,54277873,1
2373,61258319,1
2374,42171522,1
2375,18050859,0
2376,71132573,1
2377,10613297,0
2378,68715122,1
2379,92111352,1
2380,15299465,1
2381,54301346,0
2382,98939756,0
2383,12033356,1
2384,42116649,1
2385,94357949,1
2386,21473851,0
2387,48723688,1
2388,56068657,1
2389,87496786,0
2390,16443718,0
2391,32649914,0
2392,95877176,0
2393,74841280,0
2394,95444424,1
2395,76227461,0
2396,81438152,1
2397,58270859,0
2398,60507607,0
2399,19548374,0
2400,26208371,1
2401,12908200,1
2402,51817116,1
2403,86343850,1
2404,15948881,1
2405,98315498,1
2406,88942383,0
2407,49487047,1
2408,40896051,1
2409,46179187,1
2410,90424178,0
2411,61021389,1
2412,33846728,0
2413,72617223,0
2414,70711092,1
2415,25261258,1
2416,76293085,1
2417,87426782,1
2418,13323874,0
2419,27544469,0
2420,89474721,1
2421,76729131,0
2422,74377151,0
2423,48179033,0
2424,81794543,0
2425,30238715,1
2426,15868310,1
2427,79417844,1
2428,57826542,1
2429,60595997,0
2430,34066265,1
2431,13742639,1
2432,12935527,1
2433,42437132,1
2434,64405111,1
2435,88332431,0
2436,68975829,0
2437,30649907,0
2438,60619731,1
2439,25827697,1
2440,53270984,1
2441,29902593,1
2442,19395882,1
2443,88036356,1
2444,85731976,0
2445,28864682,1
2446,11503093,1
2447,41897244,1
2448,47452606,1
2449,19165005,1
2450,12266352,1
2451,64233541,1
2452,60299766,1
2453,56379920,0
2454,51163297,1
2455,79753190,0
2456,55876330,1
2457,44078314,1
2458,83178126,0
2459,35465657,0
2460,12457247,1
2461,43575244,1
2462,63945144,1
2463,14670083,1
2464,30717677,1
2465,47401306,1
2466,24144093,1
2467,43518637,1
2468,84502527,1
2469,74782533,1
2470,71148297,1
2471,18524601,1
2472,56866469,1
2473,11515639,1
2474,87154477,1
2475,70011414,0
2476,68119076,1
2477,62212972,1
2478,23221654,1
2479,76290052,1
2480,41327376,1
2481,80149177,1
2482,57799571,0
2483,69818896,1
2484,92529503,1
2485,73934242,1
2486,12455317,1
2487,97844979,1
2488,22427013,0
2489,18066518,1
2490,43658991,1
2491,23474169,0
2492,27963169,0
2493,42080985,1
2494,16424431,1
2495,51006881,0
2496,25696773,1
2497,32422655,1
2498,35606535,1
2499,14215392,1
2500,51748251,1
2501,86146964,0
2502,72980464,1
2503,25059197,1
2504,67895673,0
2505,35693446,1
2506,69422866,1
2507,55499325,1
2508,79548877,1
2509,32419436,0
2510,92597078,0
2511,12843752,1
2512,19723079,1
2513,60107189,1
2514,84791525,1
2515,37919477,0
2516,34600629,1
2517,13356471,0
2518,97053087,1
2519,46020307,1
2520,98566748,1
2521,93008177,1
2522,11684497,1
2523,55640098,0
2524,95922629,1
2525,95781089,1
2526,93286029,1
2527,74493125,1
2528,49539156,1
2529,57667764,0
2530,82327368,1
2531,44553308,0
2532,31848608,1
2533,64199511,1
2534,77382014,1
2535,35918428,1
2536,23764386,1
2537,47045717,1
2538,62423993,1
2539,41362714,0
2540,70738943,1
2541,14642958,0
2542,97113586,1
2543,85865680,0
2544,31095533,1
2545,48079852,1
2546,68417127,0
2547,12431442,1
2548,94576690,1
2549,37507195,1
2550,87637450,0
2551,68763273,1
2552,13022651,1
2553,56235210,1
2554,86522385,1
2555,80219515,1
2556,23503994,1
2557,12440207,1
2558,38235758,0
2559,21491350,0
2560,47047038,1
2561,82892644,0
2562,82576700,1
2563,48800250,0
2564,68705404,0
2565,30845089,0
2566,79266602,1
2567,17406690,1
2568,61846429,1
2569,18220933,1
2570,29300733,1
2571,92150213,1
2572,18770941,1
2573,16815885,1
2574,91164022,1
2575,20400220,0
2576,99595620,1
2577,99999855,1
2578,79406967,1
2579,29548173,1
2580,39585236,1
2581,62560797,1
2582,76148767,0
2583,27011614,1
2584,48804580,1
2585,89239207,1
2586,17280242,1
2587,41038477,1
2588,98855535,0
2589,48648367,0
2590,78290513,1
2591,59080907,0
2592,92612914,1
2593,61963941,1
2594,72475606,1
2595,16428309,1
2596,61426908,1
2597,87665717,0
2598,52308291,0
2599,89912766,1
2600,61400345,1
2601,66537758,0
2602,73122037,0
2603,50969081,0
2604,30081574,1
2605,66771105,1
2606,52711362,1
2607,29894516,1
2608,58349379,0
2609,24278677,1
2610,58012131,0
2611,62844318,1
2612,49915263,1
2613,26325694,1
2614,39025209,0
2615,79185516,1
2616,95124373,1
2617,90309569,0
2618,92175540,0
2619,62953238,0
2620,45556066,1
2621,19183191,1
2622,57857875,1
2623,23859819,0
2624,86787837,1
2625,79560247,1
2626,13503090,1
2627,36378381,0
2628,24203031,0
2629,71359945,1
2630,59775868,1
2631,41992709,1
2632,48878941,1
2633,25759185,1
2634,56657132,0
2635,98831819,1
2636,29932219,1
2637,23674015,0
2638,32083831,1
2639,37833185,1
2640,49639606,1
2641,70627537,0
2642,62926431,0
2643,21474127,1
2644,64957004,1
2645,10653245,0
2646,37343749,1
2647,72578729,0
2648,64392693,0
2649,49562494,1
2650,53267005,1
2651,30705431,1
2652,93323874,1
2653,25538613,1
2654,47888964,1
2655,38141048,0
2656,95790045,1
2657,24326503,1
2658,97660214,1
2659,11837286,1
2660,54075206,1
2661,13946000,1
2662,40833536,1
2663,40496713,1
2664,16428255,1
2665,23689556,0
2666,17797027,0
2667,75094329,1
2668,64780628,1
2669,15522635,1
2670,66839939,1
2671,91806948,1
2672,66197189,1
2673,34277299,0
2674,39544879,1
2675,17216427,1
2676,49518359,1
2677,65651223,0
2678,50528186,1
2679,47984837,0
2680,95940595,1
2681,77217372,1
2682,52465375,1
2683,69188353,1
2684,43360043,0
2685,51814792,1
2686,74902336,1
2687,15157721,1
2688,86697153,0
2689,16897670,1
2690,52807209,1
2691,18464790,1
2692,66127544,1
2693,42707334,1
2694,34238934,1
2695,50244171,0
2696,61165720,1
2697,20289135,1
2698,88520901,0
2699,36216908,0
2700,21762689,0
2701,68395411,0
2702,67494856,1
2703,71602958,0
2704,90419374,1
2705,79067856,1
2706,96381423,0
2707,17446413,0
2708,10621039,1
2709,92037507,1
2710,35336319,1
2711,88257237,1
2712,85588894,1
2713,28935498,1
2714,62792997,1
2715,40325183,0
2716,78142787,1
2717,13918683,1
2718,22664236,1
2719,68779920,1
2720,65071205,1
2721,15796244,0
2722,39950434,1
2723,39197760,1
2724,96052375,0
2725,26283463,0
2726,16231071,1
2727,40418848,1
2728,12148635,0
2729,89897207,1
2730,23901556,1
2731,31774496,1
2732,24576977,0
2733,77478864,0
2734,16893817,1
2735,39422065,0
2736,99492157,0
2737,42608796,0
2738,91168028,0
2739,36082000,1
2740,93194542,0
2741,29554418,1
2742,11687764,1
2743,88238564,0
2744,88573647,1
2745,70804500,1
2746,70177523,1
2747,56208169,0
2748,83990893,0
2749,69486156,0
2750,60051902,1
2751,46889673,1
2752,94322346,1
2753,44932135,0
2754,86615189,0
2755,31799979,1
2756,89744278,1
2757,59534960,1
2758,90826261,1
2759,22792824,0
2760,89720123,1
2761,33617606,1
2762,32992342,1
2763,81559146,1
2764,34819562,1
2765,12209679,1
2766,99693591,1
2767,17751309,1
2768,87164127,1
2769,68118072,1
2770,77120891,1
2771,10234434,1
2772,50448070,0
2773,81919645,1
2774,23820277,1
2775,33927175,1
2776,24289780,1
2777,18523202,1
2778,99611926,1
2779,81124295,1
2780,90244494,1
2781,36553484,1
2782,35684365,1
2783,75626333,1
2784,92009180,0
2785,94032581,1
2786,35074837,0
2787,17410951,1
2788,23911528,0
2789,75969360,1
2790,94633968,1
2791,16634325,1
2792,90386014,1
2793,35121157,1
2794,54572877,0
2795,69682401,1
2796,84333032,1
2797,35786342,1
2798,96588317,1
2799,22987118,1
2800,82757910,1
2801,19231739,1
2802,47077439,0
2803,16494454,1
2804,35022237,0
2805,82616009,0
2806,83024547,1
2807,81116147,0
2808,18400638,0
2809,87691615,0
2810,81466753,1
2811,72416529,1
2812,83722863,0
2813,70844807,0
2814,55581959,0
2815,55508026,1
2816,84423157,1
2817,84421665,0
2818,74325055,1
2819,86318129,0
2820,85229578,1
2821,59880736,1
2822,32349581,0
2823,35818067,1
2824,64700778,1
2825,44295002,1
2826,44900560,1
2827,93000060,1
2828,76071264,0
2829,70149537,1
2830,10653165,1
2831,96767643,0
2832,52959712,1
2833,55332211,1
2834,82793367,1
2835,50982806,1
2836,36259101,1
2837,87756820,1
2838,31009438,0
2839,11019865,1
2840,61180363,0
2841,12759649,1
2842,57144079,1
2843,27386583,1
2844,41554246,1
2845,67084606,1
2846,63279758,0
2847,28944032,0
2848,32682314,1
2849,65890194,1
2850,33261798,0
2851,56911080,1
2852,33582897,1
2853,74259454,0
2854,76031001,1
2855,32813279,1
2856,28545112,1
2857,17328822,1
2858,24711451,1
2859,20768972,0
2860,45481471,1
2861,93406581,0
2862,78004734,1
2863,94802653,0
2864,79718998,1
2865,96636069,0
2866,96069544,1
2867,81344547,0
2868,87723854,1
2869,21214769,1
2870,62242425,0
2871,64282471,1
2872,33062493,1
2873,88090952,1
2874,17081678,1
2875,10770155,0
2876,60013905,1
2877,20582136,1
2878,31391287,0
2879,96499029,1
2880,30194469,0
2881,61607230,1
2882,93668800,1
2883,10680173,1
2884,91914567,1
2885,98411799,1
2886,95704276,1
2887,72210496,1
2888,80404944,1
2889,11563105,1
2890,61759750,0
2891,34314037,1
2892,35889772,1
2893,53871501,1
2894,15791865,1
2895,50684412,1
2896,49986719,1
2897,28410127,1
2898,33994129,0
2899,23423317,0
2900,27443333,1
2901,94771009,0
2902,16839817,1
2903,67775812,1
2904,92335566,0
2905,16460124,0
2906,94897193,1
2907,83976996,1
2908,78151090,0
2909,62468021,1
2910,34530556,1
2911,61733762,1
2912,62519269,0
2913,53966407,1
2914,49993592,1
2915,92383033,0
2916,57306866,1
2917,99589559,1
2918,36697524,1
2919,30723649,0
2920,67653838,1
2921,86702083,1
2922,24890859,0
2923,31538037,1
2924,38190322,1
2925,79014308,0
2926,79656944,1
2927,98566537,0
2928,91851414,1
2929,99695421,0
2930,86513006,1
2931,98134795,1
2932,15987025,1
2933,31714117,1
2934,81395117,0
2935,46770712,0
2936,57919768,0
2937,77138278,0
2938,66692879,0
2939,80036435,0
2940,48637399,1
2941,48069528,1
2942,20829840,1
2943,79829118,1
2944,63230993,0
2945,20769550,1
2946,11487644,1
2947,79394443,1
2948,39064897,1
2949,86400764,0
2950,93768148,0
2951,98634644,1
2952,31038161,0
2953,20781466,1
2954,66653839,1
2955,89824656,1
2956,38930394,0
2957,41296594,1
2958,62417069,1
2959,88518401,1
2960,99206786,0
2961,62546695,0
2962,11119995,1
2963,23132317,1
2964,18322096,1
2965,59178451,0
2966,26054707,0
2967,24979023,0
2968,42530651,1
2969,86166467,1
2970,49750376,0
2971,18949514,1
2972,53534105,0
2973,97936081,1
2974,86146729,1
2975,98506065,1
2976,20227260,1
2977,66412577,0
2978,75981645,0
2979,51339523,0
2980,61088841,1
2981,72173017,1
2982,71028711,0
2983,39334891,0
2984,50264143,1
2985,96287484,0
2986,76798138,1
2987,82320167,1
2988,46511587,1
2989,46243117,0
2990,54967647,0
2991,32846166,1
2992,27492382,1
2993,81663496,1
2994,87701951,1
2995,24163509,1
2996,55383033,1
2997,28914072,1
2998,21414750,0
2999,20036916,0
3000,50092461,1
3001,78926181,0
3002,14855739,1
3003,47585411,1
3004,34239182,1
3005,17712953,0
3006,11853859,1
3007,78769485,1
3008,13347578,1
3009,19234659,1
3010,19006192,1
3011,52751137,1
3012,59789741,1
3013,17687497,0
3014,60478514,1
3015,55950133,1
3016,21060836,1
3017,69931619,1
3018,25838020,0
3019,74935567,0
3020,24346035,1
3021,36412689,1
3022,49576911,1
3023,61084638,1
3024,67110702,1
3025,82959008,1
3026,79340157,1
3027,89043269,1
3028,14610765,1
3029,89452535,1
3030,63851127,1
3031,13986581,0
3032,33626140,1
3033,79829307,0
3034,59444714,0
3035,45865641,0
3036,66405094,0
3037,18426133,1
3038,51168843,0
3039,78189606,1
3040,61486294,1
3041,18352717,1
3042,59655260,1
3043,30964938,1
3044,15770128,1
3045,21085927,1
3046,26227365,1
3047,54020236,0
3048,43806499,1
3049,64626015,1
3050,42912693,1
3051,86244980,1
3052,91884526,1
3053,71297465,0
3054,35242394,1
3055,53041557,1
3056,54378661,1
3057,58397652,1
3058,38217795,1
3059,41586982,1
3060,73485837,1
3061,56348875,1
3062,17161422,1
3063,99296168,1
3064,31438574,1
3065,94206943,0
3066,32340803,0
3067,98183457,0
3068,24857641,1
3069,48599675,1
3070,20603310,1
3071,18641558,1
3072,22839123,1
3073,62203809,1
3074,79434218,1
3075,73849150,0
3076,12991600,0
3077,24908259,1
3078,78699945,1
3079,59640537,0
3080,24187642,1
3081,17940953,0
3082,32468306,1
3083,77158624,1
3084,48427972,1
3085,88588949,0
3086,79991799,0
3087,21174914,1
3088,78120834,1
3089,82895002,0
3090,29439107,1
3091,66559016,1
3092,99064909,1
3093,32154290,1
3094,28611157,1
3095,34156401,0
3096,81988398,1
3097,11587925,1
3098,75732623,0
3099,87018807,0
3100,81362986,1
3101,12327786,1
3102,23086876,0
3103,89641102,1
3104,60080754,1
3105,98154152,1
3106,36930102,1
3107,70450770,1
3108,53983169,1
3109,95815934,1
3110,61979209,0
3111,61156613,1
3112,65285967,0
3113,80767364,0
3114,13778147,1
3115,95307440,0
3116,20743528,1
3117,33501907,1
3118,89763448,1
3119,74416472,1
3120,79020294,1
3121,54415271,1
3122,62176111,1
3123,50724055,1
3124,61508392,0
3125,31800277,0
3126,88880963,1
3127,48334029,1
3128,30792866,1
3129,52713844,0
3130,58174767,1
3131,83268738,1
3132,92498948,0
3133,21907269,1
3134,26543074,1
3135,76373441,1
3136,53768883,1
3137,22555458,0
3138,92147709,1
3139,74670452,1
3140,57304125,1
3141,18798263,0
3142,76135757,1
3143,24873324,1
3144,31527540,1
3145,79618076,1
3146,68843429,1
3147,71992767,0
3148,61801912,1
3149,43791698,1
3150,65076135,1
3151,70245842,0
3152,24006092,1
3153,14441948,1
3154,86928440,0
3155,10574791,1
3156,32507439,0
3157,25344061,0
3158,31205164,1
3159,63154424,0
3160,53324956,1
3161,74477184,1
3162,14085121,1
3163,12357726,0
3164,23508909,1
3165,25116796,1
3166,64879269,1
3167,60629823,0
3168,88583762,1
3169,98485600,1
3170,86817823,1
3171,96741398,0
3172,30271651,1
3173,83889179,0
3174,60594800,1
3175,89131215,1
3176,44088375,1
3177,25650932,1
3178,96802572,0
3179,67085779,1
3180,16388554,0
3181,70305255,1
3182,92155038,0
3183,92956845,0
3184,39801475,0
3185,16253258,1
3186,23488209,1
3187,20074454,1
3188,97665725,1
3189,43101875,0
3190,68917319,1
3191,90076504,1
3192,33973336,0
3193,57693883,1
3194,57558208,1
3195,60782423,1
3196,38943943,1
3197,69116545,1
3198,92820176,0
3199,15012472,1
3200,17534374,0
3201,95869188,1
3202,77692727,0
3203,25865941,0
3204,48718461,0
3205,94618069,1
3206,13168277,0
3207,35111225,0
3208,43344193,1
3209,59286204,1
3210,25896121,1
3211,13196299,1
3212,53210164,1
3213,48845632,1
3214,26645877,1
3215,67875141,1
3216,15188540,1
3217,85781258,1
3218,31778578,1
3219,51647659,0
3220,59229459,1
3221,39388272,1
3222,92421854,1
3223,57218957,0
3224,82837590,1
3225,82212137,0
3226,66161191,0
3227,95879920,1
3228,13671141,0
3229,91816419,0
3230,87076313,1
3231,13577470,0
3232,68382814,1
3233,55688123,1
3234,95073723,1
3235,30094715,1
3236,76572844,1
3237,19883220,1
3238,19717110,1
3239,97751609,0
3240,99543863,0
3241,20408531,0
3242,11838142,1
3243,89071199,1
3244,38440960,1
3245,97773318,1
3246,76197720,0
3247,88662939,1
3248,72094771,0
3249,47913926,1
3250,28571859,0
3251,14314370,1
3252,27217714,1
3253,15608737,1
3254,99347925,1
3255,81328527,1
3256,63340323,1
3257,61474257,1
3258,27416896,1
3259,87518977,0
3260,65591421,1
3261,22200623,0
3262,65039403,0
3263,36498839,1
3264,29674134,1
3265,76985075,0
3266,71295159,0
3267,18961767,1
3268,43897644,0
3269,48252879,1
3270,26355394,1
3271,91762564,1
3272,39790106,1
3273,70807588,1
3274,19139802,1
3275,26859360,1
3276,50022247,1
3277,80898714,1
3278,15458819,0
3279,81924360,0
3280,61550148,0
3281,67185780,0
3282,12406827,1
3283,47675350,1
3284,33176003,0
3285,15857580,1
3286,26741220,1
3287,15459267,1
3288,95517155,1
3289,57696578,1
3290,31952637,1
3291,55814783,1
3292,79097835,0
3293,48157416,1
3294,68618118,0
3295,30026343,1
3296,54317229,1
3297,35289713,1
3298,69852553,0
3299,89359962,1
3300,51774933,1
3301,36235824,1
3302,81069266,1
3303,23299307,1
3304,89921393,0
3305,58800820,1
3306,14659824,1
3307,66432571,1
3308,51090065,1
3309,24806123,1
3310,92099054,1
3311,62195497,0
3312,11694955,0
3313,18654864,0
3314,91449329,0
3315,90199837,1
3316,50567148,0
3317,83094050,1
3318,54183771,1
3319,32563567,1
3320,24525908,1
3321,76485369,0
3322,95434595,1
3323,65941988,1
3324,94645733,1
3325,59100827,1
3326,70223302,1
3327,80777171,0
3328,39358007,0
3329,60102996,1
3330,43412265,0
3331,32854188,1
3332,89386008,1
3333,33450556,1
3334,66508875,1
3335,36762719,1
3336,55231907,0
3337,72767731,1
3338,24066354,1
3339,53671196,1
3340,88443271,1
3341,97912701,1
3342,78891230,1
3343,19511976,0
3344,86495613,1
3345,92118505,1
3346,78945336,1
3347,69210069,1
3348,92504756,0
3349,97889664,1
3350,33306350,1
3351,83431297,0
3352,33747777,1
3353,85130029,1
3354,78191111,0
3355,97976527,0
3356,86065207,1
3357,29267440,0
3358,43964619,0
3359,35842896,0
3360,73713083,0
3361,94551676,1
3362,24665539,0
3363,12176660,0
3364,52337059,1
3365,24591940,1
3366,89402594,1
3367,98742983,1
3368,34099108,1
3369,49962249,0
3370,37034137,0
3371,13746059,0
3372,44542783,1
3373,54952605,1
3374,78016815,1
3375,92562217,0
3376,38694288,0
3377,38127959,1
3378,46033411,0
3379,10152808,0
3380,67679225,1
3381,66947216,1
3382,86142466,1
3383,52164555,1
3384,66878432,0
3385,42017548,0
3386,88630468,1
3387,88752208,1
3388,41848439,0
3389,57490067,1
3390,46092218,1
3391,23528455,1
3392,76255884,1
3393,55352980,0
3394,82824950,1
3395,30817260,1
3396,70221870,0
3397,48784192,1
3398,59571703,0
3399,41559393,1
3400,85407940,1
3401,49942465,1
3402,43007878,1
3403,17798822,1
3404,61051028,1
3405,39580505,1
3406,37767727,1
3407,84025972,0
3408,54853764,1
3409,85673986,1
3410,94276070,1
3411,88651867,1
3412,55965186,1
3413,74941028,1
3414,47343094,1
3415,31775972,1
3416,10605841,1
3417,40169387,1
3418,51044634,1
3419,23879794,1
3420,45727451,0
3421,36249974,1
3422,32561549,0
3423,88137273,1
3424,59199712,1
3425,90363345,0
3426,57359462,1
3427,25771169,0
3428,65106673,0
3429,42739747,1
3430,34428594,0
3431,60962411,1
3432,40778878,1
3433,36366896,1
3434,30076860,1
3435,36520071,1
3436,81058411,1
3437,12228241,0
3438,19712250,1
3439,98338129,0
3440,91861627,0
3441,78588542,1
3442,13366911,1
3443,50023400,0
3444,47702269,0
3445,85943005,1
3446,28459869,1
3447,12691891,1
3448,35525632,1
3449,37328681,0
3450,25958045,1
3451,37669961,0
3452,48045562,0
3453,88499140,1
3454,33042149,1
3455,66550353,1
3456,62056589,1
3457,48730547,0
3458,38574300,1
3459,45957566,1
3460,44119057,0
3461,65284556,1
3462,13324898,0
3463,29585295,1
3464,82267151,1
3465,43229505,1
3466,86041325,1
3467,18308715,0
3468,65118937,1
3469,88316803,1
3470,82891795,0
3471,90956901,0
3472,81320270,1
3473,50992468,0
3474,59618632,1
3475,67019902,0
3476,90884500,1
3477,71295573,1
3478,92597266,0
3479,94509613,0
3480,94022530,1
3481,72491738,1
3482,77022131,1
3483,35324784,1
3484,50028255,1
3485,17988053,1
3486,75557297,1
3487,35927987,0
3488,56915240,1
3489,84209346,0
3490,81309914,1
3491,96475670,1
3492,49677053,1
3493,92119225,1
3494,66839427,1
3495,98921980,1
3496,27193835,1
3497,13593130,0
3498,51498902,1
3499,91843273,0
3500,65541015,1
3501,58191099,1
3502,45684141,1
3503,10655966,1
3504,12817588,1
3505,92830604,0
3506,11500471,0
3507,37459992,1
3508,18604780,1
3509,13427995,0
3510,54323687,1
3511,89423328,1
3512,69156742,1
3513,56355950,0
3514,79693681,0
3515,46647554,0
3516,80657098,1
3517,93246340,0
3518,44628576,1
3519,50136440,0
3520,60275560,0
3521,18447986,0
3522,59383369,0
3523,17681873,1
3524,64462169,0
3525,80078991,1
3526,63103007,1
3527,92454163,1
3528,41464880,0
3529,82264389,1
3530,63511422,1
3531,43696721,1
3532,36814476,1
3533,85858726,1
3534,50555760,0
3535,81648450,1
3536,23558830,1
3537,14623921,1
3538,35863050,1
3539,20652971,1
3540,26592438,1
3541,45551635,0
3542,10747934,0
3543,30844729,1
3544,74739087,1
3545,12970823,0
3546,16272758,1
3547,69424230,0
3548,85699224,1
3549,97151763,0
3550,93835474,1
3551,21233109,0
3552,28570749,1
3553,75642138,1
3554,76224160,1
3555,71478073,1
3556,92152124,1
3557,67483188,1
3558,82184997,1
3559,16371501,1
3560,62705327,1
3561,61520197,1
3562,16202781,0
3563,80503782,1
3564,60520621,1
3565,44934829,1
3566,17324064,1
3567,88692550,1
3568,89178465,1
3569,86508409,0
3570,91072658,0
3571,38678893,1
3572,11080494,1
3573,18443305,0
3574,49709568,0
3575,40764827,1
3576,69880084,1
3577,75872015,1
3578,60055746,1
3579,82888408,0
3580,36480130,1
3581,91508388,1
3582,44917685,1
3583,22119570,1
3584,54222740,0
3585,57533611,1
3586,64152626,1
3587,19345845,1
3588,25643004,1
3589,70481454,1
3590,34215231,1
3591,17384972,1
3592,89814584,1
3593,95205019,0
3594,54291057,1
3595,79100984,0
3596,90118879,1
3597,94285465,0
3598,45300692,1
3599,79257150,1
3600,67721902,0
3601,58674269,1
3602,78715506,1
3603,69410008,1
3604,19327760,0
3605,54178920,1
3606,44183268,1
3607,46396122,0
3608,19567381,1
3609,21935444,1
3610,77387014,1
3611,35078826,0
3612,12736719,1
3613,75928889,1
3614,59708935,1
3615,52038671,1
3616,65479181,1
3617,46390311,1
3618,81533411,1
3619,28373840,0
3620,83485777,0
3621,78115734,1
3622,70269194,0
3623,37985807,1
3624,34003782,0
3625,43574809,1
3626,94227750,0
3627,97280627,0
3628,43486303,1
3629,82719420,1
3630,20396637,0
3631,46468999,1
3632,28435449,0
3633,83046421,0
3634,79772876,0
3635,84313809,0
3636,10901261,1
3637,17564391,0
3638,31424518,1
3639,28049322,0
3640,79411101,0
3641,74170131,0
3642,50386106,1
3643,49968413,1
3644,18867060,1
3645,47199872,1
3646,94653132,0
3647,55646284,0
3648,45202948,1
3649,42212282,1
3650,44259216,1
3651,79151447,0
3652,20229007,1
3653,38480062,0
3654,85470158,1
3655,39942973,1
3656,58380485,1
3657,75758032,1
3658,71424379,1
3659,37554474,1
3660,85238195,1
3661,44583702,1
3662,38569871,1
3663,79033830,0
3664,27090467,1
3665,83896825,1
3666,44296916,1
3667,21266172,1
3668,85127335,0
3669,35053724,1
3670,80709702,1
3671,79508235,1
3672,97559108,1
3673,71052649,1
3674,78135576,1
3675,78534502,1
3676,73190502,0
3677,17323984,1
3678,56976108,1
3679,25325547,1
3680,51942992,1
3681,14741404,0
3682,47303498,1
3683,84275315,1
3684,21885516,0
3685,97359037,1
3686,41341377,1
3687,13277313,1
3688,64910612,0
3689,95184156,1
3690,49021415,1
3691,57718720,0
3692,24545424,0
3693,66374002,1
3694,44931694,0
3695,69030805,0
3696,25698690,0
3697,23332467,1
3698,48797329,0
3699,15808810,1
3700,37457768,1
3701,74535219,1
3702,50390128,1
3703,38336118,1
3704,73485330,1
3705,66126383,1
3706,27532056,0
3707,68831056,1
3708,12510722,0
3709,24612643,1
3710,69087031,1
3711,15011508,1
3712,11614264,1
3713,12588040,0
3714,89200196,1
3715,23918704,1
3716,98096088,1
3717,35815586,1
3718,73476198,1
3719,55421143,0
3720,96160292,1
3721,30064767,1
3722,65000286,1
3723,10511181,1
3724,25138527,0
3725,80918369,1
3726,80652578,1
3727,44382865,1
3728,53939059,0
3729,10074849,1
3730,41195771,1
3731,87103071,1
3732,87338285,1
3733,97725499,1
3734,93526872,1
3735,53870729,1
3736,83869000,1
3737,97438752,0
3738,55060258,0
3739,22877681,1
3740,89940902,1
3741,45531777,0
3742,69282750,1
3743,40476444,1
3744,25707929,0
3745,54318066,1
3746,71549602,1
3747,29160671,1
3748,61491992,1
3749,95710115,0
3750,93559536,0
3751,70132216,1
3752,66046584,0
3753,49362248,1
3754,18792143,0
3755,48037350,0
3756,49206295,1
3757,18804258,1
3758,18377473,0
3759,82572395,1
3760,49105790,1
3761,38023881,1
3762,79673829,1
3763,12450773,0
3764,25162605,0
3765,39709637,1
3766,22122383,1
3767,98135586,1
3768,59828572,1
3769,32015681,1
3770,27415880,0
3771,27226885,1
3772,13040161,1
3773,28435875,1
3774,59507598,1
3775,27328653,1
3776,37866097,0
3777,96993378,1
3778,59395690,1
3779,28612963,0
3780,11752561,1
3781,44464347,1
3782,12247846,1
3783,98780882,0
3784,94347759,1
3785,99950951,1
3786,25288693,0
3787,45346957,0
3788,83236990,0
3789,20945076,1
3790,19658787,0
3791,50759166,1
3792,40746984,1
3793,71097371,0
3794,56724927,0
3795,66854190,1
3796,49380983,0
3797,18613831,0
3798,64662732,1
3799,32511151,1
3800,32547827,1
3801,49167689,0
3802,30974856,1
3803,27000763,1
3804,22940859,1
3805,15899393,1
3806,15316382,1
3807,21444953,0
3808,49281309,0
3809,61476971,0
3810,60666822,0
3811,22180148,1
3812,29341866,1
3813,46385661,1
3814,90601303,1
3815,88244206,1
3816,98041819,1
3817,87264840,0
3818,23170865,0
3819,91621099,0
3820,14215309,0
3821,91781716,1
3822,93780308,1
3823,74601577,1
3824,38152598,0
3825,37261229,1
3826,15407632,1
3827,29146287,1
3828,37540409,1
3829,33092863,1
3830,59205083,0
3831,57134050,1
3832,89257262,0
3833,77401638,0
3834,35357192,1
3835,26340144,1
3836,40038817,1
3837,27407764,1
3838,34561754,1
3839,25363709,0
3840,38020782,0
3841,96166352,1
3842,22990322,1
3843,42831512,0
3844,15439727,1
3845,71809750,1
3846,16487598,1
3847,30000191,1
3848,79336481,0
3849,25963406,1
3850,62720650,1
3851,13155529,1
3852,52632493,1
3853,40692997,0
3854,65478182,1
3855,96384558,0
3856,14446708,1
3857,83068907,1
3858,90340133,0
3859,89384014,1
3860,49506181,1
3861,51215287,1
3862,87139147,1
3863,35732194,1
3864,61855566,1
3865,55314407,1
3866,30762158,0
3867,87144995,0
3868,14506439,1
3869,81052875,0
3870,13424956,1
3871,35805420,0
3872,19526013,0
3873,19575527,1
3874,69177242,1
3875,30482168,0
3876,83368861,0
3877,28151328,1
3878,41800699,1
3879,73535744,1
3880,68595017,1
3881,13197340,1
3882,94213800,1
3883,53500246,1
3884,99474562,1
3885,58671620,0
3886,70903766,1
3887,85467651,1
3888,24766437,0
3889,26764624,1
3890,76309530,1
3891,91335347,1
3892,27132867,1
3893,50154148,0
3894,29264776,1
3895,35755080,0
3896,46386788,1
3897,43932234,0
3898,33723538,1
3899,22654934,0
3900,62674003,1
3901,37638870,1
3902,85733804,1
3903,39213175,1
3904,87268045,1
3905,90616815,1
3906,18856868,1
3907,92825750,1
3908,35130016,1
3909,34265299,0
3910,67786245,0
3911,37337021,1
3912,48221039,1
3913,55833426,0
3914,53456506,1
3915,73608978,1
3916,97714744,0
3917,80621110,1
3918,38366566,0
3919,98589166,1
3920,69414500,0
3921,73790756,0
3922,71722178,1
3923,87905991,1
3924,10283617,1
3925,20332722,1
3926,51724285,0
3927,57925394,1
3928,70691249,1
3929,52533265,1
3930,94482406,1
3931,91711637,1
3932,52247298,1
3933,53420538,1
3934,21118850,0
3935,11693467,1
3936,92128037,1
3937,85894536,1
3938,73362946,1
3939,74922595,0
3940,49958445,0
3941,80825712,1
3942,66933413,0
3943,97428898,1
3944,37538042,1
3945,46538741,0
3946,97232446,0
3947,21391355,0
3948,36015355,1
3949,58105879,1
3950,48724773,1
3951,48014778,1
3952,79525037,1
3953,85939369,1
3954,68245915,1
3955,79094523,1
3956,65821292,0
3957,21270744,0
3958,24146879,0
3959,93462986,1
3960,78146759,0
3961,79091719,1
3962,38395071,1
3963,28164671,0
3964,87920885,1
3965,68744599,1
3966,87185818,0
3967,84465067,1
3968,58432388,1
3969,24742343,1
3970,86885564,0
3971,89034333,0
3972,61201453,1
3973,26845023,1
3974,73597202,0
3975,83259036,1
3976,93611801,1
3977,64300411,1
3978,43053910,1
3979,46476159,0
3980,47580540,0
3981,74400961,1
3982,38664290,1
3983,16670534,0
3984,84120498,0
3985,75135775,0
3986,96459912,1
3987,46991916,1
3988,11405414,1
3989,33364714,0
3990,10456836,0
3991,10521098,1
3992,67499533,1
3993,59399482,1
3994,89670329,0
3995,46863427,1
3996,83079200,0
3997,46630419,1
3998,92932137,0
3999,31823308,1
4000,80554842,1
4001,49597225,1
4002,56936670,0
4003,97131380,1
4004,30365376,0
4005,81356653,0
4006,57279912,0
4007,42684508,1
4008,77504486,1
4009,27471702,0
4010,20987505,1
4011,80097791,1
4012,51560261,1
4013,28201661,1
4014,25841839,1
4015,53576335,1
4016,86858642,1
4017,51895042,1
4018,93773982,1
4019,25464400,1
4020,41055686,1
4021,37118787,1
4022,95084559,1
4023,61693300,1
4024,34294607,1
4025,94837853,1
4026,31496694,0
4027,88854700,0
4028,92753809,0
4029,57956596,1
4030,62293623,1
4031,94772282,1
4032,89861191,1
4033,99818965,1
4034,63820085,1
4035,24453918,1
4036,69750641,1
4037,85859719,1
4038,57914670,0
4039,44995621,0
4040,89810899,1
4041,54050977,1
4042,11529742,0
4043,26355576,1
4044,36695745,0
4045,70868631,1
4046,14021817,1
4047,74557021,1
4048,38276732,1
4049,43052540,0
4050,21365335,0
4051,54242677,1
4052,62558419,0
4053,56194467,1
4054,59020793,1
4055,83430886,0
4056,76342122,1
4057,45121979,1
4058,56529513,1
4059,54587970,0
4060,23256142,1
4061,59369664,1
4062,90627328,0
4063,88240501,1
4064,27836952,1
4065,46308211,0
4066,56991184,1
4067,70771161,1
4068,48799877,1
4069,75062489,0
4070,36428452,0
4071,68095940,0
4072,68402810,1
4073,15608561,1
4074,90243501,1
4075,64640178,1
4076,64586546,0
4077,58717524,1
4078,72124602,0
4079,85868043,1
4080,82818291,1
4081,26450824,1
4082,40322443,1
4083,88071573,1
4084,14788698,1
4085,34603333,1
4086,80457800,0
4087,60682293,1
4088,71172845,1
4089,67541090,1
4090,36524647,1
4091,51895963,1
4092,97960828,0
4093,68005308,1
4094,35271724,1
4095,72964603,1
4096,17959338,1
4097,29893145,1
4098,92818111,0
4099,15851377,1
4100,44852232,1
4101,11958724,0
4102,75247895,0
4103,47460277,1
4104,91884285,0
4105,39831037,1
4106,32999500,1
4107,97111718,1
4108,89374843,0
4109,33817668,0
4110,10400778,0
4111,38347105,1
4112,11060123,0
4113,98031901,1
4114,56876284,0
4115,44091544,0
4116,30280447,1
4117,42690878,1
4118,55049874,1
4119,85806970,0
4120,40860073,1
4121,69632664,1
4122,68837025,0
4123,70293040,1
4124,13670758,0
4125,78343889,0
4126,62526324,0
4127,24592254,0
4128,86649148,1
4129,74724974,1
4130,66341616,1
4131,75436701,1
4132,67179343,0
4133,14787040,1
4134,16736886,1
4135,83527393,1
4136,52171969,1
4137,79781002,1
4138,25540792,1
4139,89296510,1
4140,56359285,1
4141,80799043,1
4142,92246808,0
4143,17492116,1
4144,78074842,0
4145,19854509,0
4146,98849275,1
4147,94653980,1
4148,56130677,1
4149,48027333,1
4150,79898183,1
4151,73937380,0
4152,64596080,0
4153,75565015,1
4154,80156603,1
4155,73978536,1
4156,34361003,0
4157,36489974,1
4158,90627290,1
4159,82224334,1
4160,43242574,1
4161,64317832,0
4162,20219637,1
4163,32782689,1
4164,14798577,1
4165,50365816,0
4166,83013177,1
4167,52270651,1
4168,48363677,0
4169,39754889,1
4170,66005238,0
4171,56260956,1
4172,84861605,0
4173,56593871,0
4174,37070023,1
4175,47626922,1
4176,60566411,1
4177,33413087,1
4178,97318181,1
4179,36590715,1
4180,55220894,1
4181,29126211,1
4182,98317336,1
4183,48559423,1
4184,55648803,1
4185,50461632,0
4186,90840764,1
4187,32460798,1
4188,87362712,0
4189,92635028,1
4190,70976390,0
4191,65343414,0
4192,21598298,0
4193,85968864,1
4194,92908604,1
4195,22343935,0
4196,90233400,1
4197,56834048,0
4198,97082816,1
4199,67653454,1
4200,62279728,1
4201,72839418,0
4202,92807421,0
4203,53767310,1
4204,59462323,1
4205,31531953,0
4206,62461320,1
4207,18353515,0
4208,19979496,1
4209,42389662,1
4210,55960982,1
4211,98152555,1
4212,43251285,0
4213,85631813,1
4214,70815225,1
4215,93165014,1
4216,65116177,0
4217,61827759,1
4218,57692926,0
4219,13772493,1
4220,12855317,1
4221,18797827,1
4222,54934297,1
4223,62091637,0
4224,33009533,0
4225,78632151,1
4226,31796356,1
4227,72068764,1
4228,14164110,1
4229,29069378,1
4230,49418321,1
4231,22912742,1
4232,87139844,0
4233,21119842,1
4234,65876173,0
4235,95732507,1
4236,84623445,1
4237,35602796,1
4238,62747767,1
4239,17274555,1
4240,29167581,1
4241,54638943,1
4242,64899203,1
4243,65784395,0
4244,30544762,1
4245,50789451,1
4246,90683169,1
4247,29087622,0
4248,56633839,1
4249,97404418,1
4250,26387662,0
4251,46484836,0
4252,94832544,1
4253,89857307,0
4254,83289223,1
4255,52294363,1
4256,66706042,1
4257,14536275,1
4258,89859587,1
4259,67178323,1
4260,51572687,0
4261,34768722,0
4262,92526061,0
4263,74993908,1
4264,56256866,0
4265,68735940,0
4266,28491977,0
4267,77467903,1
4268,19963369,1
4269,61820424,1
4270,82973742,1
4271,28697917,0
4272,24772393,1
4273,14355674,0
4274,17286568,1
4275,24041593,1
4276,31069641,1
4277,25850765,1
4278,57375830,1
4279,62732043,1
4280,55111481,0
4281,94935576,1
4282,52467400,0
4283,11177142,0
4284,26122251,1
4285,88252347,0
4286,24647339,1
4287,42336348,0
4288,60730596,0
4289,89589076,1
4290,60682212,1
4291,68178855,1
4292,15275975,1
4293,75654279,1
4294,43507822,0
4295,29736710,1
4296,28278770,1
4297,60646453,1
4298,83572138,1
4299,49196794,1
4300,34945596,1
4301,88749526,1
4302,30113557,1
4303,43349067,1
4304,10491253,1
4305,46793865,1
4306,73521226,1
4307,30524410,1
4308,27995508,0
4309,43176407,1
4310,89803740,1
4311,60768675,1
4312,15699273,1
4313,55033313,1
4314,19621395,0
4315,70876633,1
4316,77640260,1
4317,75702250,1
4318,81430032,1
4319,68829707,1
4320,48886534,1
4321,15390883,0
4322,87176656,1
4323,71585434,0
4324,30337375,1
4325,62894151,1
4326,74422340,0
4327,64182959,1
4328,10730817,0
4329,49022988,1
4330,81122225,0
4331,84434869,1
4332,43651699,1
4333,61233383,0
4334,96590319,0
4335,17406545,1
4336,42569250,0
4337,17786080,0
4338,24962046,0
4339,33552238,0
4340,56246867,0
4341,54670859,1
4342,68502270,1
4343,60984349,0
4344,29657277,0
4345,43308316,1
4346,97818861,0
4347,16589927,1
4348,56966947,1
4349,52546896,1
4350,38820953,1
4351,21629907,1
4352,39121577,1
4353,28670790,1
4354,32886026,1
4355,16264191,1
4356,42486915,0
4357,10710620,1
4358,31109233,0
4359,58564586,1
4360,81361485,1
4361,52654848,1
4362,44696034,0
4363,29363118,1
4364,93761391,0
4365,76960102,0
4366,42024542,1
4367,27725194,1
4368,21561355,0
4369,29056857,0
4370,62696744,0
4371,36135824,1
4372,57953970,1
4373,38229301,0
4374,26897009,1
4375,62866480,1
4376,68022468,0
4377,93020324,1
4378,36984086,1
4379,92838298,0
4380,86359118,1
4381,77373457,1
4382,78929525,0
4383,10888272,1
4384,22785153,0
4385,71438653,0
4386,57419006,1
4387,45475994,1
4388,58263676,1
4389,24499845,0
4390,54159798,1
4391,61214499,1
4392,51157046,0
4393,18082474,1
4394,74586179,1
4395,78531301,1
4396,79700210,1
4397,95528883,0
4398,92288695,1
4399,86902182,0
4400,68982285,1
4401,59351723,0
4402,47531480,0
4403,44752593,1
4404,64022197,0
4405,68908346,1
4406,54060106,1
4407,82161179,1
4408,45876270,1
4409,54575195,0
4410,77731131,0
4411,49615907,0
4412,31317777,1
4413,56171025,1
4414,76653183,1
4415,94183125,1
4416,17882927,0
4417,69500843,1
4418,26583778,1
4419,13475309,1
4420,86974769,1
4421,82716394,1
4422,83378482,0
4423,47977227,0
4424,63358769,0
4425,97601679,0
4426,28669267,0
4427,45269280,0
4428,80846785,1
4429,28206312,0
4430,37703203,1
4431,83160972,1
4432,67915455,1
4433,83307621,1
4434,65487779,0
4435,20238233,0
4436,94898446,0
4437,68914136,0
4438,11318694,0
4439,46047767,0
4440,60687184,1
4441,33568702,1
4442,30804492,1
4443,23463570,0
4444,73660883,1
4445,29466639,1
4446,35032705,1
4447,59028067,1
4448,78086677,0
4449,35145702,1
4450,55486042,1
4451,94544750,0
4452,54943645,0
4453,44560695,1
4454,67279512,0
4455,81044200,1
4456,76609018,1
4457,15961799,1
4458,78601383,0
4459,60691951,1
4460,78214792,1
4461,21777152,1
4462,65195660,1
4463,93408142,1
4464,66806135,0
4465,95150600,0
4466,28454452,1
4467,10482423,1
4468,56256199,1
4469,50417461,1
4470,55727321,1
4471,55903621,0
4472,58646599,0
4473,47242901,0
4474,95926442,1
4475,75112022,0
4476,20942070,1
4477,77562323,1
4478,63938662,1
4479,17423797,1
4480,57792287,0
4481,95139273,1
4482,81570603,1
4483,16721594,0
4484,35900960,1
4485,22421775,0
4486,10501380,0
4487,48577741,1
4488,51988903,1
4489,48726165,0
4490,89475763,0
4491,16977655,1
4492,76724746,1
4493,68696496,1
4494,57387836,0
4495,15659120,1
4496,23728040,0
4497,27620692,1
4498,65592963,1
4499,73244147,0
4500,43443535,1
4501,80648452,1
4502,10568979,1
4503,78972674,1
4504,42770948,1
4505,59920622,0
4506,55531429,1
4507,25253859,1
4508,13718838,0
4509,68241474,1
4510,69407766,1
4511,77027045,1
4512,11729879,0
4513,84290993,0
4514,11161135,1
4515,35369571,1
4516,99113231,1
4517,34588754,1
4518,51843774,0
4519,25181645,1
4520,74415734,1
4521,26808256,1
4522,84578454,1
4523,90712111,1
4524,47294971,1
4525,19214477,0
4526,59729914,1
4527,12819536,0
4528,48217732,0
4529,12407857,1
4530,19377038,0
4531,46064837,1
4532,62873862,0
4533,35174070,1
4534,98051772,0
4535,97129946,1
4536,37713647,1
4537,74318186,1
4538,84940338,1
4539,58935503,0
4540,35030608,1
4541,72811648,1
4542,86272876,1
4543,35672965,1
4544,43827517,1
4545,50259545,1
4546,91473594,0
4547,95204178,0
4548,95947659,0
4549,38452299,1
4550,76276894,0
4551,60690382,1
4552,49372598,1
4553,28410646,1
4554,14265953,1
4555,65378626,1
4556,34624183,1
4557,32555073,0
4558,40446483,1
4559,44940747,1
4560,18052475,1
4561,25270603,0
4562,90888707,0
4563,23661411,1
4564,47507075,1
4565,98388790,0
4566,68046964,1
4567,94172877,1
4568,74259657,1
4569,33246443,0
4570,29761072,0
4571,78516022,0
4572,68160400,1
4573,98047376,0
4574,69194581,0
4575,60352374,1
4576,60700043,1
4577,57704018,1
4578,46282626,1
4579,52920203,0
4580,80260050,1
4581,91936860,1
4582,23586175,1
4583,43071651,1
4584,52108186,1
4585,78231048,0
4586,55326457,1
4587,82081411,0
4588,67012357,1
4589,91356868,1
4590,47558367,1
4591,20248255,0
4592,94530485,0
4593,29665126,0
4594,88415628,1
4595,77189596,0
4596,70955550,1
4597,63455405,1
4598,34039258,1
4599,85679842,0
4600,97969286,1
4601,32800659,0
4602,99161478,0
4603,26644788,1
4604,19285497,1
4605,47709173,1
4606,23932245,0
4607,46361357,1
4608,83209308,1
4609,41640178,0
4610,94833673,0
4611,50533312,1
4612,15986841,1
4613,57522026,0
4614,81646426,1
4615,62788206,1
4616,56828362,0
4617,32996706,1
4618,10457314,1
4619,33396690,0
4620,29164937,0
4621,81532217,1
4622,65988962,1
4623,28290462,1
4624,49771679,1
4625,19993600,1
4626,35076381,0
4627,23973418,1
4628,16689907,1
4629,18924352,1
4630,84734372,0
4631,86431913,1
4632,17967650,0
4633,14522841,1
4634,47894523,0
4635,58512359,1
4636,79507631,1
4637,26521337,0
4638,97435415,1
4639,52195622,1
4640,74167347,1
4641,98984928,1
4642,96370789,0
4643,85445313,0
4644,38823330,1
4645,96125616,0
4646,76296911,1
4647,44088384,1
4648,13146590,1
4649,58480790,0
4650,53142960,1
4651,63918560,1
4652,74900467,1
4653,27120573,1
4654,38476382,0
4655,40869640,1
4656,17659751,0
4657,49870580,0
4658,97271473,1
4659,53054428,1
4660,92515694,0
4661,21825090,1
4662,80257444,1
4663,31098850,1
4664,70496045,1
4665,15522884,1
4666,68998986,1
4667,70965439,0
4668,50855985,0
4669,60451820,0
4670,83151045,1
4671,64834605,1
4672,29444808,1
4673,33863464,0
4674,50510898,1
4675,47683934,0
4676,23639638,0
4677,27541852,1
4678,50241887,1
4679,99685883,0
4680,84625947,0
4681,41479528,1
4682,33991804,1
4683,97106317,1
4684,42525827,1
4685,18311788,1
4686,51963748,0
4687,82960179,0
4688,67479122,1
4689,81571693,1
4690,22932340,0
4691,11815650,0
4692,58555242,0
4693,70022496,1
4694,49340482,1
4695,26037107,1
4696,58751096,1
4697,86972474,1
4698,50900295,0
4699,63239624,1
4700,67931664,1
4701,13496345,0
4702,58752463,1
4703,82643740,1
4704,39780778,0
4705,34583460,1
4706,52230779,1
4707,92794004,1
4708,45838092,0
4709,92759141,0
4710,72150216,0
4711,56475613,1
4712,88254565,1
4713,74087053,1
4714,63641040,1
4715,86556357,0
4716,66377942,0
4717,62067279,1
4718,43500206,1
4719,10184787,0
4720,40903968,1
4721,58452513,1
4722,89949823,1
4723,78910742,1
4724,78245337,0
4725,81103402,0
4726,77659887,1
4727,17130602,1
4728,78699542,1
4729,28410729,0
4730,21679657,1
4731,91662158,0
4732,12507784,1
4733,26789488,1
4734,35166970,0
4735,91970529,0
4736,62290562,1
4737,45816630,1
4738,17693944,1
4739,25532467,1
4740,45800537,1
4741,27155901,1
4742,14056676,1
4743,51220102,1
4744,86222139,0
4745,91365742,1
4746,57194839,1
4747,59774600,1
4748,60745859,1
4749,89473617,0
4750,58864960,0
4751,84866738,0
4752,87661993,1
4753,93586380,1
4754,48641542,0
4755,20002314,1
4756,95892995,1
4757,98912024,1
4758,30337310,0
4759,46830405,1
4760,84245817,0
4761,33733711,0
4762,78524507,0
4763,46563452,1
4764,69072596,1
4765,77946509,1
4766,47866758,0
4767,78968644,1
4768,30228869,1
4769,54251939,0
4770,96622191,1
4771,14776982,0
4772,21930242,1
4773,61773212,0
4774,19075259,0
4775,10949115,0
4776,23987173,1
4777,35617347,1
4778,90217733,0
4779,26282740,1
4780,13225642,1
4781,78771917,1
4782,48996052,1
4783,48668932,0
4784,90283371,1
4785,35933144,0
4786,62469811,1
4787,60814352,1
4788,43206092,1
4789,45840984,0
4790,92358539,1
4791,44594420,1
4792,32768375,1
4793,57445668,1
4794,51487688,1
4795,47730674,0
4796,58458848,1
4797,60765954,0
4798,14939560,1
4799,24342411,0
4800,63047782,1
4801,29259634,1
4802,86330016,1
4803,88451981,0
4804,77390614,1
4805,87525157,1
4806,32946725,1
4807,80228441,0
4808,47690924,0
4809,11941222,0
4810,20083342,1
4811,85647842,1
4812,83051649,1
4813,79743816,0
4814,85034654,1
4815,15690366,1
4816,65372407,1
4817,54671473,0
4818,61478356,1
4819,38641090,1
4820,89272275,1
4821,51103454,1
4822,24993738,1
4823,64896492,1
4824,32507444,1
4825,93621419,1
4826,52052397,0
4827,14230923,0
4828,17551739,1
4829,15750689,0
4830,99817010,1
4831,88523003,0
4832,89600046,1
4833,95079690,1
4834,50289421,1
4835,68119162,1
4836,14763519,0
4837,78882281,1
4838,95859689,1
4839,76994460,0
4840,51927782,1
4841,36246332,1
4842,76784284,1
4843,43828837,1
4844,97272045,1
4845,25090970,1
4846,34645037,0
4847,69576116,0
4848,47182423,1
4849,76319045,0
4850,19258043,1
4851,47948323,0
4852,74350662,1
4853,85187275,1
4854,99235920,0
4855,55801242,1
4856,13453327,1
4857,55553516,1
4858,41776109,1
4859,44401058,1
4860,79019728,0
4861,23923758,0
4862,80528800,0
4863,56255167,1
4864,83642811,1
4865,66259910,1
4866,87144827,1
4867,32183074,0
4868,88038299,0
4869,59759935,1
4870,28615564,1
4871,83143755,1
4872,51735819,0
4873,41092683,0
4874,60846309,0
4875,99178252,1
4876,15962319,1
4877,69338629,1
4878,99425664,0
4879,69985046,1
4880,62949306,1
4881,31604834,1
4882,63580579,0
4883,50015643,1
4884,99954460,1
4885,29117816,0
4886,46880229,1
4887,81024402,1
4888,63765513,1
4889,46511538,1
4890,23505032,1
4891,78784144,1
4892,55317106,0
4893,31509343,1
4894,94645548,0
4895,14919350,1
4896,60521655,1
4897,49231161,1
4898,54039350,0
4899,62194219,1
4900,85797545,1
4901,80036968,1
4902,82703328,1
4903,97190289,1
4904,25024421,1
4905,71725713,1
4906,37285527,1
4907,64633957,1
4908,34019375,1
4909,14387097,1
4910,67811037,1
4911,11163410,0
4912,61729895,1
4913,12638687,1
4914,40385248,1
4915,40760278,1
4916,21670709,1
4917,57317773,1
4918,68367692,1
4919,34805077,1
4920,13020803,1
4921,47012279,0
4922,45675076,1
4923,91574694,0
4924,91356982,0
4925,91958839,1
4926,71003537,0
4927,88721727,1
4928,60947755,1
4929,30740679,1
4930,69819356,1
4931,50104663,1
4932,69743508,1
4933,95622234,0
4934,85791489,1
4935,48044501,1
4936,92536887,1
4937,62255668,0
4938,81714080,1
4939,71760164,1
4940,54135312,1
4941,28618293,1
4942,23558966,0
4943,21024348,1
4944,26196120,0
4945,98742850,0
4946,73726134,0
4947,23515813,1
4948,50359023,1
4949,75928515,0
4950,80030297,1
4951,95172684,0
4952,41818896,1
4953,24847947,1
4954,13948731,1
4955,90692036,1
4956,87903390,0
4957,49405165,1
4958,97100164,1
4959,14714805,1
4960,65826288,1
4961,66438963,1
4962,24313974,0
4963,17369975,0
4964,53581715,0
4965,80288822,0
4966,70679098,1
4967,37883757,1
4968,52918197,1
4969,53187174,1
4970,27850916,1
4971,42401252,1
4972,55806700,1
4973,92718268,0
4974,11088572,1
4975,94742147,1
4976,54717962,1
4977,45283736,1
4978,38072926,1
4979,63911015,0
4980,67257577,0
4981,84425572,0
4982,34504872,1
4983,39750107,1
4984,54725127,1
4985,46735716,0
4986,58880782,0
4987,87409355,0
4988,97881795,1
4989,92724929,1
4990,97777551,1
4991,11502063,0
4992,14223598,1
4993,35786947,1
4994,64731476,0
4995,59610417,0
4996,45906847,1
4997,45875722,0
4998,68957936,1
4999,27959810,1
5000,72849521,0
5001,67627983,0
5002,22577089,1
5003,59698598,0
5004,37130173,0
5005,96828489,1
5006,72709824,1
5007,13367909,0
5008,17922285,1
5009,36064935,1
5010,11256074,1
5011,93129080,0
5012,59316914,1
5013,85259306,0
5014,30146270,1
5015,47919936,1
5016,16658001,0
5017,21843223,0
5018,75320667,1
5019,21859913,0
5020,80532555,1
5021,60251284,1
5022,18810659,0
5023,11003622,1
5024,34608092,1
5025,41994216,1
5026,81586796,1
5027,30247294,1
5028,33081843,1
5029,17953135,1
5030,52128818,0
5031,51875451,1
5032,70181094,1
5033,18507184,1
5034,37998614,1
5035,27842912,1
5036,40006556,1
5037,53182388,1
5038,76323092,0
5039,46048610,1
5040,50679080,1
5041,85237506,1
5042,70255702,1
5043,17086307,1
5044,19600278,1
5045,90734858,1
5046,32387879,0
5047,19737709,0
5048,67320556,0
5049,77392491,0
5050,23793647,1
5051,14966073,1
5052,87366776,0
5053,43883429,0
5054,67824109,1
5055,76175773,0
5056,83622123,0
5057,40341229,0
5058,12631167,0
5059,56990028,1
5060,26408351,1
5061,70611824,0
5062,66796538,1
5063,91435489,1
5064,82269357,1
5065,24428971,1
5066,42875298,1
5067,76894644,1
5068,68930784,0
5069,69212614,1
5070,74373668,1
5071,86655139,0
5072,83189067,1
5073,52432207,1
5074,77919682,1
5075,40303365,1
5076,30983786,1
5077,92884713,0
5078,12705249,1
5079,45640177,1
5080,94196273,0
5081,40563543,0
5082,96254001,1
5083,79545193,1
5084,36556810,0
5085,73048124,1
5086,57289585,1
5087,67867720,1
5088,35993458,0
5089,83797295,0
5090,21502041,1
5091,25926111,1
5092,64912069,0
5093,97883233,1
5094,96066656,1
5095,23157973,0
5096,38662710,0
5097,32683599,0
5098,64526583,0
5099,86097523,1
