ID_CPTE,Default
71424379,1
64887111,1
69431075,1
31823308,1
39407834,1
94576690,1
35602796,1
94837853,1
84623445,1
62980143,1
78059616,1
40860073,1
12768522,1
93960571,1
58415730,1
45730545,1
96459912,1
69410008,1
20848541,1
86440680,1
35064939,1
81456942,1
62558908,1
62765622,1
36769705,1
99373407,1
78189606,1
80652578,1
60690382,1
33092863,1
35818067,1
57792287,1
98221482,1
16494454,1
23719045,1
64879113,1
16483411,1
95947659,1
50679080,1
82895002,1
98589166,1
15961871,1
93000060,1
66637782,1
91341135,1
37321168,1
55332211,1
13040161,1
37914780,1
58839703,1
19924879,1
47420127,1
49509319,1
71800865,1
54378661,1
48531199,1
57718720,1
99145683,1
38331865,1
67607515,1
39476696,1
48157416,1
49562494,1
18464790,1
98488155,1
82428143,1
92289871,1
40833536,1
58412730,1
94919503,1
36024847,1
70053002,1
19317686,1
26499429,1
91811679,1
27598351,1
13146590,1
14140936,1
25865941,1
35606535,1
16398613,1
60262639,1
93611801,1
19723079,1
60275560,1
20987505,1
33042149,1
56657132,1
41906063,1
27532056,1
96224441,1
46361357,1
85631813,1
39064897,1
97976527,1
77138278,1
15144802,1
12406827,1
11437470,1
55531429,1
20083342,1
84333032,1
30337375,1
86363228,1
63496046,1
26573733,1
37872388,1
55314407,1
43229505,1
76148767,1
77406171,1
43507822,1
54717962,1
37034137,1
74080223,1
89341722,1
47626922,1
35242394,1
70999128,1
61478356,1
41195771,1
58751096,1
64588883,1
18673221,1
19604662,1
51090065,1
54587970,1
44995621,1
58847890,1
81648450,1
73591077,1
70676031,1
15275975,1
70132216,1
76015200,1
77027045,1
82923038,1
35244382,1
56938637,1
94107207,1
10074849,1
78973765,1
32741572,1
62058483,1
37638870,1
12247846,1
33259241,1
52920482,1
57111840,1
38943943,1
69311320,1
71515001,1
95084559,1
13918683,1
43349067,1
45256701,1
33261798,1
97404418,1
38659658,1
43185890,1
86166467,1
87215250,1
86150356,1
49206295,1
29579996,1
73024899,1
52223553,1
78534502,1
14446708,1
60846309,1
65065700,1
58880782,1
15522884,1
31109233,1
85797545,1
21302198,1
16977655,1
20003168,1
74259657,1
95590015,1
93231210,1
21896369,1
68788926,1
18603371,1
30964938,1
92288695,1
20760224,1
85699224,1
25746090,1
15452825,1
55801242,1
57279912,1
25116796,1
87076313,1
11503093,1
80149177,1
69774047,1
11088572,1
31799979,1
99407660,1
43242574,1
91528734,1
63945144,1
75932477,1
65714716,1
57304125,1
25181645,1
97071841,1
29259634,1
60051902,1
60478514,1
27155901,1
95704276,1
57826542,1
60595997,1
52751137,1
96476472,1
83268738,1
44690429,1
96469324,1
18756929,1
57281347,1
88573647,1
14355674,1
58564586,1
87327600,1
80323853,1
27396763,1
86955586,1
66692879,1
15699273,1
32083831,1
82184997,1
22662574,1
80641463,1
79340157,1
66771105,1
79560247,1
16128549,1
78601383,1
76585283,1
60962411,1
53496127,1
57760894,1
15403268,1
60782423,1
45358721,1
37713647,1
16815885,1
50326299,1
19921212,1
83051649,1
21825090,1
87164127,1
12817588,1
59754603,1
92152124,1
14741404,1
42024542,1
78699945,1
95434595,1
14571094,1
54183771,1
36498839,1
23377571,1
96381423,1
61084638,1
48079852,1
35786342,1
86330016,1
86954936,1
12705249,1
57289585,1
13225642,1
29002798,1
18410777,1
77527844,1
12327786,1
50040654,1
24806123,1
66386610,1
26355576,1
72020832,1
38190322,1
14179737,1
71148297,1
19717110,1
16521638,1
78191111,1
29180821,1
60507607,1
19963369,1
81532585,1
67253200,1
70177523,1
62926431,1
80520573,1
67012357,1
86625446,1
73617964,1
36290825,1
58380485,1
58503774,1
86817823,1
44583702,1
14664882,1
80550799,1
27850916,1
38217795,1
87176656,1
45876270,1
71478073,1
33422380,1
55577532,1
93831587,1
42212282,1
68160400,1
70627537,1
61855566,1
11941222,1
81406937,1
66550353,1
57692926,1
99071947,1
36082000,1
81827080,1
88382354,1
25759185,1
74818932,1
51263548,1
80260050,1
66807938,1
95647648,1
17363557,1
55175651,1
52704417,1
17423797,1
22577089,1
10813722,1
79721416,1
74900467,1
75232682,1
14939560,1
95651207,1
38023881,1
98047376,1
11837286,1
59517038,1
65651223,1
77988158,1
66839427,1
85738357,1
81229400,1
46179187,1
45745699,1
46347377,1
56208169,1
57989074,1
77225089,1
34705944,1
24596561,1
31791559,1
95589488,1
75782090,1
86513006,1
49858273,1
41709977,1
91588873,1
53267005,1
18050859,1
54698115,1
20932657,1
57953970,1
79545193,1
74535219,1
63312777,1
19956162,1
72665850,1
38434075,1
41848439,1
33152441,1
52252570,1
32854188,1
28459869,1
50243703,1
82320167,1
15157721,1
73790756,1
97271473,1
60705884,1
92597078,1
47888964,1
97082816,1
70149537,1
40719914,1
73678342,1
42786089,1
16231071,1
31496694,1
31096552,1
15770128,1
96254001,1
21436041,1
59178451,1
88238564,1
21118850,1
27407764,1
62333573,1
36553484,1
89600046,1
80273187,1
92541379,1
86974769,1
32353402,1
88588949,1
66994256,1
52362852,1
90386014,1
57705313,1
29466639,1
43071651,1
24573075,1
58263676,1
76276894,1
74834871,1
62056589,1
68118072,1
89213504,1
29710804,1
48951086,1
40385248,1
92296335,1
52294363,1
38395071,1
36848743,1
87121537,1
95892995,1
57857875,1
71585434,1
90156521,1
57533611,1
21313046,1
71011779,1
44696034,1
52038671,1
69608881,1
56068657,1
64300411,1
87021680,1
23836161,1
92956845,1
66341616,1
61147938,1
12507784,1
93413298,1
49639606,1
28587117,1
58432388,1
97359037,1
22221147,1
18231612,1
15808810,1
32203452,1
94735750,1
46092218,1
68472291,1
85127335,1
37266359,1
49771679,1
83046421,1
80479813,1
61214499,1
83869000,1
28139864,1
95517155,1
67097954,1
26994230,1
80003630,1
75654279,1
46033411,1
46889673,1
48044501,1
44428883,1
93129080,1
68844508,1
56704684,1
18786115,1
39831037,1
17410951,1
42608796,1
99235920,1
17966626,1
42707334,1
80773037,1
84111753,1
61095842,1
32391911,1
69282750,1
18066518,1
15493676,1
92223248,1
32507439,1
63164367,1
80156603,1
61651583,1
49373366,1
25297546,1
37507195,1
29363118,1
87805890,1
88972584,1
96799872,1
55965186,1
75112022,1
56475613,1
66973985,1
89136720,1
32527878,1
89118423,1
30304005,1
40363742,1
61733762,1
12158823,1
45640177,1
66653839,1
56866469,1
24474988,1
34595873,1
56256866,1
41535586,1
80350601,1
32987421,1
65519330,1
76484647,1
84200269,1
39742269,1
30194469,1
25538613,1
44995389,1
36064406,1
66221183,1
87920885,1
30705431,1
26387662,1
41640178,1
67679225,1
64609547,1
60996599,1
12819536,1
75557297,1
24203031,1
13593130,1
62844318,1
60730596,1
19409632,1
66251867,1
13718838,1
23236436,1
26796156,1
53870729,1
94618069,1
38899097,1
24896252,1
70071751,1
26644788,1
99925818,1
14659824,1
93768148,1
81958100,1
35525632,1
18792143,1
33869977,1
36235824,1
40875793,1
93323874,1
55903621,1
87473849,1
26340144,1
47709173,1
37224316,1
35343067,1
74859965,1
52285155,1
30238715,1
91304587,1
92529503,1
34314037,1
67627983,1
66432571,1
19567381,1
43265886,1
49405165,1
10710620,1
65821292,1
27386583,1
92504756,1
93773982,1
20942070,1
27748185,1
59314382,1
60687184,1
37767977,1
71479458,1
80577936,1
94252612,1
74493125,1
21885516,1
26823948,1
83430886,1
78699542,1
98477535,1
49362248,1
67443753,1
49794922,1
97980919,1
23507299,1
55383033,1
86552430,1
51614070,1
53865896,1
33763556,1
47253685,1
85489697,1
18512921,1
82267151,1
88969654,1
20193611,1
55806700,1
92830604,1
21444953,1
34361003,1
46878261,1
70785760,1
89720123,1
40647689,1
38820953,1
15576366,1
61028062,1
80648452,1
16177868,1
24317053,1
76135757,1
82959008,1
68744599,1
90663009,1
49576911,1
64144382,1
61425274,1
68982285,1
45041246,1
88308547,1
88721727,1
30295893,1
66606264,1
15791865,1
33442502,1
46064978,1
62732043,1
58331978,1
73249115,1
27501927,1
27230833,1
31145797,1
69486905,1
59809996,1
76396585,1
33413087,1
51988903,1
67824109,1
86885564,1
25193636,1
25253859,1
93002002,1
32065296,1
48045562,1
90435342,1
21119842,1
25059197,1
35121157,1
87357469,1
78715506,1
82327368,1
67791832,1
10747934,1
62203809,1
25724194,1
14004462,1
74622150,1
12935527,1
97725499,1
36898192,1
97598388,1
39233096,1
85238195,1
60451820,1
37130173,1
21722788,1
65478182,1
68634969,1
73671098,1
97272045,1
89802176,1
58191497,1
45237435,1
89178465,1
41040616,1
65847992,1
26717081,1
85034654,1
22932093,1
19700120,1
30271651,1
52844931,1
65898264,1
72272061,1
30317779,1
67721902,1
15608737,1
75135775,1
66513810,1
82576700,1
54422497,1
84734372,1
92759141,1
57858072,1
41500253,1
80799043,1
36697524,1
65113169,1
17681873,1
60768675,1
96678656,1
29894516,1
79417844,1
83071163,1
11819625,1
51139384,1
13366911,1
96720540,1
41800699,1
75513986,1
59775868,1
45822742,1
50724055,1
59729914,1
20109784,1
84578454,1
88071573,1
61043807,1
15986841,1
69188353,1
79509821,1
87983303,1
61088841,1
15696832,1
58452513,1
18570268,1
51487688,1
32015681,1
70266188,1
81532217,1
42377372,1
83013177,1
73286409,1
37269766,1
26897009,1
36814476,1
64626015,1
36879489,1
78120834,1
57696578,1
37538042,1
82192023,1
23164680,1
69628241,1
35814154,1
38127959,1
13250752,1
72306089,1
21060836,1
58925938,1
50259545,1
13022651,1
68901988,1
37060231,1
19621395,1
46418418,1
54237847,1
50528186,1
22277998,1
71304809,1
83312895,1
19838828,1
36984086,1
24993738,1
88752208,1
11563234,1
23859819,1
49915263,1
78735153,1
26351556,1
15674618,1
19231739,1
76695269,1
46786916,1
29392865,1
14609744,1
62409696,1
34080369,1
79129021,1
56966947,1
44004813,1
95348613,1
79507631,1
97211212,1
80257444,1
35248341,1
38823330,1
91435489,1
30113557,1
30076860,1
10482423,1
91933262,1
14103078,1
29485884,1
90856618,1
52270651,1
58717524,1
43067024,1
26670421,1
94771009,1
10574791,1
15656292,1
86902114,1
66167759,1
33422564,1
42289140,1
69743508,1
50833993,1
13277313,1
99574519,1
92562217,1
14023293,1
35413162,1
35808019,1
20525996,1
70255118,1
27530040,1
97190289,1
19538969,1
42120046,1
88443271,1
96588317,1
13559691,1
25363709,1
34624183,1
83189067,1
39121577,1
86043222,1
53187174,1
59395690,1
63208040,1
22488733,1
10283617,1
35889772,1
32013449,1
86320551,1
57156936,1
79100984,1
23689556,1
67820987,1
73683144,1
81533411,1
87205651,1
16371501,1
97361724,1
52021500,1
32946725,1
80036968,1
22082201,1
13950747,1
10653245,1
15522635,1
41586982,1
67110702,1
68831056,1
62894522,1
25850765,1
32507444,1
92647331,1
32419436,1
95940595,1
66639060,1
77919682,1
50704213,1
65372407,1
43486303,1
10613297,1
76631097,1
73275482,1
84893573,1
79434218,1
44296916,1
11838142,1
97765584,1
72966581,1
57676142,1
22142976,1
36520071,1
50923536,1
10153124,1
75642138,1
12209679,1
75083548,1
54102818,1
68843429,1
33626140,1
68779920,1
42569250,1
42912693,1
44088375,1
95812692,1
61827759,1
78891230,1
92932137,1
28570749,1
16064438,1
24979023,1
47294971,1
75840955,1
14223598,1
65216043,1
23530538,1
66111871,1
74739087,1
63272651,1
81309914,1
15995870,1
32768375,1
62952110,1
51039410,1
53060235,1
90826261,1
92724929,1
28116804,1
55486042,1
68145665,1
58877508,1
31438574,1
71549602,1
11119995,1
88935382,1
65890194,1
40299720,1
83920310,1
28151328,1
43700781,1
99202795,1
33991804,1
85894536,1
27019104,1
47460277,1
12431442,1
84275315,1
12855317,1
36921426,1
46798710,1
74724974,1
35465657,1
13974712,1
67775812,1
20207418,1
78972485,1
46863427,1
13706503,1
26859360,1
90712111,1
50771503,1
21391355,1
89412250,1
83896825,1
31726766,1
70305255,1
50982806,1
48127702,1
48797329,1
10605841,1
19575527,1
18924352,1
89459995,1
15407632,1
77965135,1
64662732,1
12853134,1
15948881,1
18855113,1
35815586,1
43308316,1
63765513,1
60691951,1
45978067,1
89744278,1
97912701,1
52551939,1
68696496,1
15732177,1
12934767,1
20408531,1
27435986,1
48883897,1
68213586,1
13475309,1
25532467,1
68763231,1
79731275,1
75758032,1
88520901,1
11563105,1
16424431,1
54317229,1
74373668,1
39544879,1
60572558,1
53182388,1
20219637,1
44922676,1
93578277,1
55581959,1
19165005,1
97607686,1
57225056,1
41389504,1
40241658,1
72465852,1
89725555,1
47045717,1
61491992,1
18931488,1
61520197,1
16441791,1
13444270,1
94653980,1
30473315,1
10140908,1
41818896,1
99643747,1
36524647,1
43344193,1
34039258,1
39580505,1
85968864,1
21935444,1
71583280,1
79027761,1
98338129,1
44622509,1
18701292,1
60700043,1
78588542,1
96125616,1
27821304,1
52546896,1
50533312,1
39910083,1
49105790,1
43033955,1
89059050,1
73934242,1
60261314,1
11260697,1
68245915,1
50104663,1
49677053,1
15527321,1
58752463,1
83818604,1
92825750,1
33306350,1
56235210,1
41481449,1
44940747,1
17952001,1
31098850,1
22108455,1
65479181,1
64152626,1
68886141,1
17959338,1
43206092,1
42434914,1
13075249,1
65591421,1
10567310,1
35216651,1
94742147,1
87871531,1
24326503,1
71693785,1
81585158,1
17659751,1
41102831,1
98041819,1
31875292,1
80219515,1
80918369,1
84330359,1
55220894,1
59369664,1
89474721,1
17216427,1
71725713,1
53634052,1
54952605,1
24289780,1
33938253,1
97601679,1
69750641,1
11687764,1
53532724,1
15551810,1
97889664,1
56359285,1
44900560,1
98634644,1
85130029,1
22877681,1
96534471,1
65116177,1
58543977,1
71472576,1
12033356,1
63273904,1
22990322,1
91508388,1
27132867,1
59920622,1
54318066,1
11138026,1
37390933,1
59264230,1
91634638,1
62469811,1
27000763,1
30932422,1
95073723,1
77562323,1
45488797,1
14085121,1
88662939,1
65372062,1
17608448,1
74670452,1
91192686,1
46511538,1
24146879,1
58646599,1
69818896,1
69338629,1
79618076,1
99160554,1
27011614,1
66259975,1
83572138,1
72417930,1
28278770,1
68046964,1
79829118,1
31527540,1
47790040,1
35918428,1
33062493,1
31671199,1
97106317,1
85859719,1
74259454,1
69177242,1
92797251,1
19314677,1
70536205,1
37402508,1
24130648,1
62992339,1
50289421,1
59090336,1
66054103,1
22987118,1
71740249,1
97936081,1
34238934,1
45060165,1
64860596,1
14647790,1
30974856,1
88216853,1
16839817,1
41554246,1
39088145,1
90683169,1
29799959,1
60619731,1
45009124,1
41351000,1
57194839,1
47033760,1
56163361,1
60651022,1
59759935,1
54853764,1
47429724,1
17161422,1
81748918,1
62176111,1
44464347,1
28435449,1
13386690,1
24814088,1
97053087,1
52711362,1
56834048,1
65876173,1
14729797,1
61492497,1
66127544,1
68368307,1
56348875,1
28914072,1
13427995,1
84171371,1
70706044,1
61820424,1
46708374,1
37337021,1
82716394,1
38664290,1
13197340,1
92688129,1
77659887,1
68241474,1
60520621,1
92635028,1
68170978,1
67266577,1
77890116,1
23764386,1
74400961,1
18803896,1
21843223,1
31774496,1
40109122,1
70807588,1
63990830,1
13218979,1
71760164,1
76627179,1
34217851,1
85781258,1
33532963,1
36480130,1
95139273,1
68479075,1
52154009,1
41055686,1
22243395,1
23264072,1
68263707,1
93408142,1
42116649,1
58674269,1
62521095,1
45489317,1
97091028,1
63239624,1
86146729,1
52338784,1
30524410,1
94897193,1
81430032,1
65195660,1
43366434,1
52654848,1
78115734,1
89074575,1
23332467,1
60740353,1
24873324,1
61773212,1
79768756,1
90884500,1
12811200,1
27725194,1
95732507,1
96166352,1
54135312,1
71722178,1
94653132,1
13670114,1
35324784,1
86382869,1
58994892,1
47182423,1
42760572,1
70293040,1
29893145,1
98742850,1
99529287,1
95790045,1
28410646,1
89131215,1
53142960,1
34294607,1
62558419,1
91365742,1
61605625,1
78343889,1
35056830,1
54547823,1
40322443,1
80825712,1
99818965,1
55033313,1
56915240,1
82973742,1
63502040,1
76483296,1
32580157,1
49152932,1
31775972,1
24591940,1
33300850,1
96472836,1
29228787,1
10211370,1
69774726,1
71442043,1
81108258,1
87139147,1
27193835,1
54564944,1
85407940,1
66054613,1
72964603,1
97245496,1
72835841,1
13496345,1
97318181,1
26645877,1
24663782,1
34658615,1
94551676,1
80457800,1
75247895,1
87665717,1
84197958,1
23488209,1
12670529,1
53347441,1
74782533,1
68119076,1
29259183,1
28935498,1
69262241,1
76227461,1
99950951,1
42690878,1
52632493,1
66408257,1
98912024,1
18867060,1
54075206,1
77946509,1
95879920,1
16428309,1
48347209,1
72210496,1
24131456,1
74902336,1
96160292,1
56418458,1
69919045,1
30544762,1
63230993,1
35476781,1
51498902,1
67871912,1
49492671,1
97714744,1
56379920,1
81793348,1
36064935,1
52108186,1
86318129,1
66680041,1
94530485,1
73371518,1
92957863,1
32682314,1
59571703,1
34766323,1
70453144,1
27821597,1
99611926,1
77962723,1
91214618,1
82703328,1
10250516,1
65988962,1
69158271,1
64392693,1
71052649,1
70255702,1
19435513,1
91861627,1
96622191,1
66377942,1
64137546,1
78397485,1
45800537,1
45684141,1
87661993,1
65262260,1
39424497,1
80357582,1
20983782,1
19548374,1
67745337,1
19349030,1
49993592,1
37494081,1
56991184,1
51163297,1
46919754,1
64282471,1
99408187,1
62560797,1
81607414,1
12443109,1
80608255,1
14059552,1
84514828,1
21629907,1
11046088,1
14408693,1
48252879,1
60080754,1
48637399,1
64182959,1
69087031,1
20378666,1
86597642,1
74477184,1
15316382,1
10628526,1
52432207,1
73934004,1
42922051,1
71652747,1
90166740,1
25489487,1
19942582,1
62894151,1
93008177,1
73141435,1
67931664,1
76637977,1
51872992,1
69217078,1
74547573,1
86693795,1
56882507,1
71992767,1
29220604,1
10086539,1
23132317,1
33501907,1
96475670,1
91762564,1
53270984,1
97559108,1
23141152,1
20652971,1
83153001,1
50992468,1
93636990,1
26583778,1
94935576,1
76744566,1
74841280,1
63780637,1
82161179,1
95356433,1
84940338,1
23129730,1
82167186,1
35357192,1
35130016,1
15868310,1
81988398,1
50015643,1
23505032,1
51927782,1
21907269,1
56256199,1
83722863,1
23515813,1
89452535,1
24006092,1
31969028,1
92118505,1
41795652,1
17280242,1
38000438,1
86090594,1
25934803,1
27842912,1
89239207,1
69819562,1
71124809,1
89296510,1
72349623,1
30163828,1
28849431,1
66902744,1
22972288,1
82422425,1
77764947,1
71388399,1
34215231,1
99347925,1
55183007,1
16634325,1
11256074,1
18352717,1
96907503,1
89589076,1
65000286,1
44382865,1
50684412,1
50136440,1
30983786,1
63935988,1
36362239,1
81320270,1
21266172,1
56973969,1
18619286,1
48221039,1
53022588,1
64405111,1
28841546,1
86139906,1
50538728,1
70955550,1
75184144,1
83259036,1
43443535,1
96120572,1
49539156,1
17086307,1
48027333,1
83307621,1
68917319,1
61705153,1
53768883,1
57419006,1
25926111,1
94276070,1
96157600,1
57459909,1
59655260,1
40876360,1
94772282,1
88630468,1
82530439,1
72198033,1
35715045,1
44955469,1
33582897,1
11003622,1
95892800,1
35931898,1
98588821,1
57134050,1
74200843,1
86097523,1
68998986,1
22421775,1
40764827,1
41145529,1
67483188,1
71028711,1
74219918,1
96012878,1
48811267,1
56255167,1
70679098,1
50023400,1
86602987,1
64896492,1
24857641,1
14839216,1
92037507,1
91472890,1
69113105,1
62018683,1
77373457,1
28201661,1
42389662,1
62219507,1
51833821,1
79863267,1
85237506,1
49741899,1
70903766,1
89142637,1
23586175,1
82381561,1
49372598,1
50882690,1
24502493,1
37703203,1
29446271,1
81059548,1
11693467,1
35918316,1
43878812,1
94260737,1
57144079,1
95575656,1
88254565,1
83864795,1
30593968,1
48878941,1
88756798,1
66706042,1
66780877,1
40442685,1
94633968,1
46396122,1
56716783,1
88316803,1
31778578,1
69723266,1
39197760,1
79266602,1
87452103,1
46047767,1
10496971,1
25473875,1
30308229,1
81033162,1
44088384,1
78972674,1
36205687,1
11587925,1
32340803,1
90076504,1
46880229,1
94952571,1
68395411,1
56194467,1
84791525,1
76031001,1
58191099,1
71494474,1
76373441,1
56260956,1
31848608,1
58174767,1
50175415,1
55957684,1
23661411,1
68379319,1
15317201,1
47208859,1
63031921,1
90895676,1
57558208,1
38235758,1
89365842,1
30845407,1
75565015,1
89119015,1
81438152,1
86697703,1
22897168,1
71003537,1
43096668,1
58397652,1
31604834,1
20332722,1
89333715,1
23256142,1
48559423,1
33617606,1
54213419,1
21233109,1
86697153,1
93583502,1
65824453,1
56171025,1
33723538,1
38476382,1
66947216,1
57218957,1
10779648,1
17693944,1
71056612,1
35693446,1
59721038,1
53767431,1
81467417,1
67084606,1
32460798,1
78910742,1
91371511,1
67832424,1
62674003,1
77294326,1
95011077,1
93781092,1
51817116,1
90170130,1
43508690,1
84825907,1
47398853,1
49418321,1
22180148,1
73872381,1
39099491,1
41295265,1
75152631,1
86142198,1
43033204,1
87374287,1
18523202,1
76309530,1
11230608,1
57431567,1
73521226,1
24041593,1
34019375,1
71610656,1
71182569,1
28369143,1
25540792,1
25325547,1
13360829,1
47745816,1
67494856,1
78945336,1
82441861,1
39780778,1
39585236,1
29675636,1
55330877,1
55960982,1
15961799,1
79460995,1
11389745,1
80481511,1
76724746,1
37330651,1
47452606,1
81646426,1
49021415,1
43500206,1
69855054,1
88969694,1
97111718,1
92119225,1
70131624,1
76143904,1
48799877,1
44594420,1
39213175,1
12280108,1
46830405,1
14215392,1
86928440,1
40420824,1
25024421,1
56130677,1
50390128,1
67915455,1
68946384,1
59199712,1
33912607,1
85286946,1
39386936,1
86649148,1
86946717,1
48145544,1
92583394,1
96637133,1
17798822,1
19928553,1
78016815,1
68402810,1
22221119,1
34348316,1
44852232,1
73122037,1
88363390,1
81570603,1
35299073,1
98742983,1
28004398,1
86041325,1
79986586,1
51397989,1
81515147,1
53871501,1
11161135,1
18052475,1
79411101,1
47297774,1
15857580,1
46663726,1
83378482,1
23750832,1
99113231,1
16024852,1
72767731,1
10994148,1
13555047,1
44032891,1
43176407,1
30076570,1
90309569,1
63794355,1
45121979,1
90243501,1
60646453,1
78004734,1
71255275,1
12736719,1
32996706,1
59373207,1
72578729,1
70111962,1
11853859,1
10888272,1
75320667,1
79856021,1
48718461,1
54715165,1
80503782,1
78516022,1
63447496,1
52920203,1
48723688,1
79257150,1
72811648,1
52539658,1
29129576,1
52171969,1
94213239,1
91806948,1
93165728,1
53030387,1
31069641,1
20945076,1
57359462,1
34488408,1
54159798,1
74167347,1
88583762,1
87756820,1
15690366,1
30569832,1
44078314,1
18524601,1
53543301,1
14507742,1
63822647,1
63340323,1
19153222,1
92150213,1
43828837,1
21024348,1
78056345,1
18363503,1
25958045,1
35145702,1
78882281,1
29264776,1
86991803,1
69091708,1
29605592,1
46476159,1
42739747,1
91642094,1
98487618,1
94022530,1
93529506,1
82544495,1
26054707,1
43101875,1
71132128,1
26408351,1
89268770,1
53966407,1
56410819,1
65028760,1
51064995,1
15899393,1
78928254,1
95649865,1
99302577,1
60055746,1
89200196,1
64879269,1
79067856,1
65284556,1
47529255,1
29504049,1
11483578,1
74087053,1
54291057,1
85733804,1
19183191,1
28877777,1
69072596,1
47618093,1
92204306,1
79898183,1
75725495,1
56567993,1
98347165,1
54638943,1
21610439,1
52247298,1
96499029,1
73485330,1
59020793,1
77390614,1
75626333,1
44218140,1
83951510,1
95459793,1
47539076,1
69116545,1
93823677,1
60566411,1
62792997,1
23823203,1
29736710,1
26906189,1
63264391,1
45202948,1
65076135,1
14623921,1
86787837,1
30000191,1
55956813,1
19206921,1
97883233,1
40496713,1
58458848,1
46468999,1
31145068,1
76653183,1
18797827,1
88692550,1
28512134,1
75094329,1
23901556,1
45217783,1
68715122,1
95877176,1
30717605,1
26253463,1
22839553,1
52959712,1
55499325,1
52590365,1
31509343,1
81919645,1
16176944,1
96172246,1
86702083,1
40897948,1
67653838,1
90840764,1
72351534,1
28008130,1
94172877,1
73216986,1
73535744,1
78531301,1
44401058,1
61693300,1
52427673,1
44365751,1
47558367,1
81356653,1
14506439,1
24314541,1
70868631,1
93668800,1
39754889,1
46340611,1
78245337,1
77387014,1
10653165,1
57728796,1
58362249,1
80486578,1
89142308,1
11080494,1
65934421,1
59880736,1
84780747,1
77929053,1
60594800,1
84510797,1
68898977,1
38020782,1
69173213,1
46554016,1
66385888,1
42200448,1
35289713,1
70181094,1
83160972,1
34561754,1
84078803,1
50671899,1
49340482,1
87466438,1
82612822,1
89733799,1
64700778,1
62686064,1
70976390,1
94048197,1
38440960,1
69897067,1
86911344,1
79475734,1
97447207,1
13860005,1
25827697,1
51412004,1
91164022,1
23028843,1
98200967,1
24908259,1
66508875,1
56217082,1
40329310,1
71646882,1
59706926,1
51560261,1
26808256,1
22489514,1
81328527,1
21970860,1
37457768,1
37249469,1
41994216,1
29341866,1
40303365,1
26592438,1
44628576,1
48725235,1
68430020,1
54382764,1
60352374,1
69164900,1
24909285,1
67541090,1
95173456,1
90199837,1
38174811,1
23221654,1
55814783,1
28270461,1
47431960,1
74672877,1
41296594,1
41501194,1
18366672,1
39942973,1
35684365,1
97896608,1
94802653,1
38480062,1
18507184,1
34950000,1
98824031,1
62461320,1
62545703,1
68502270,1
59354420,1
93020324,1
72475606,1
87903176,1
71897508,1
24801623,1
14788698,1
53106121,1
42875298,1
31937774,1
72971019,1
59774600,1
47591281,1
99296168,1
57317773,1
59462323,1
56529513,1
14314370,1
49242678,1
46793865,1
75239101,1
81107117,1
73650512,1
19883220,1
35030608,1
25365986,1
71484050,1
32862577,1
16428255,1
64199511,1
98096088,1
72981855,1
45690356,1
88697325,1
24742343,1
79185516,1
32813279,1
84144720,1
78769485,1
28538133,1
29554418,1
38574300,1
30391838,1
68456520,1
36708954,1
19549563,1
25289549,1
43696721,1
58800820,1
41038477,1
34603333,1
95035557,1
51552533,1
28217453,1
68005308,1
98831819,1
36704271,1
95396982,1
76296911,1
25090970,1
10234434,1
51664438,1
85659351,1
97660214,1
40993911,1
34231523,1
46761557,1
57136416,1
34823317,1
61165720,1
91914567,1
89402594,1
86431913,1
33380463,1
33075821,1
61846429,1
27120573,1
93835474,1
14855739,1
96520856,1
51895963,1
90061802,1
28731124,1
42831512,1
16689907,1
76951372,1
59425000,1
79525037,1
71809750,1
88051657,1
37343749,1
12970823,1
57375830,1
53046721,1
65570423,1
66839939,1
82341136,1
59100827,1
69210069,1
79686083,1
17521195,1
43053910,1
62949120,1
38014942,1
16272758,1
43455814,1
43351675,1
78920870,1
57956596,1
74280544,1
21596940,1
29808425,1
45300692,1
89861191,1
21491350,1
31709325,1
92147709,1
59511606,1
61600722,1
50022247,1
84290993,1
17786080,1
19374236,1
26661253,1
50417461,1
61400345,1
25038601,1
54900499,1
67415756,1
10770155,1
88415628,1
17274555,1
12754894,1
98135586,1
99693591,1
15516593,1
36366896,1
44295002,1
90160916,1
27416896,1
60682293,1
44752593,1
79020294,1
50070901,1
59714126,1
63650300,1
92794004,1
20910637,1
38465286,1
48996052,1
92152390,1
18961767,1
42437132,1
63938662,1
11402628,1
75702250,1
47401306,1
54934297,1
55049874,1
12193114,1
51215287,1
80621110,1
65272018,1
49196794,1
68502295,1
85936441,1
36816659,1
43989449,1
10360546,1
75771625,1
65541015,1
31505786,1
92804924,1
92951187,1
48850599,1
30062645,1
25650932,1
35174070,1
34003782,1
94832544,1
81714080,1
24453918,1
16922155,1
45457304,1
47199872,1
80657098,1
25707929,1
30817260,1
15306079,1
18888677,1
30432230,1
88330005,1
71219986,1
63177016,1
22119570,1
53054428,1
72709824,1
11500471,1
61759750,1
48667873,1
40149898,1
11803485,1
82891795,1
67220870,1
78146759,1
89386008,1
82859102,1
51985818,1
61476971,1
87154477,1
98315498,1
22529386,1
10457314,1
92818111,1
78074886,1
36930102,1
10501380,1
48599675,1
27224834,1
76535973,1
17922285,1
57387682,1
74325055,1
99850437,1
32555073,1
53876052,1
94183125,1
53220790,1
27328653,1
44048507,1
89921393,1
51103454,1
71438104,1
88854700,1
25911457,1
80767364,1
52713844,1
31092004,1
56163625,1
62788206,1
38063357,1
69427534,1
53500246,1
48886534,1
97129946,1
10458286,1
85986137,1
26845023,1
32800659,1
80774707,1
25484152,1
46884656,1
84245817,1
91337809,1
88036356,1
43623805,1
83011919,1
28545112,1
32999500,1
54339216,1
65941988,1
69852553,1
19712250,1
69212614,1
59316914,1
16078875,1
64406500,1
68178855,1
15528272,1
66441893,1
69525670,1
26543074,1
15458819,1
32649914,1
82818291,1
38276732,1
26355394,1
52337059,1
32081118,1
22792824,1
27620692,1
38431899,1
55876330,1
43007878,1
15608561,1
63047782,1
96802572,1
54050977,1
43724217,1
43412265,1
41690012,1
77382014,1
15750689,1
70691249,1
15459267,1
31531953,1
13670758,1
40692997,1
14610765,1
36205224,1
70887511,1
37540409,1
41372548,1
44542783,1
47343094,1
58018651,1
61201453,1
29862331,1
80777171,1
74941028,1
92375648,1
65784395,1
20781466,1
90239199,1
73361863,1
61556266,1
11690683,1
69632664,1
76078970,1
43404829,1
91884526,1
99886358,1
53600109,1
81814430,1
29761072,1
27909191,1
30958693,1
19022374,1
23618666,1
87884849,1
11938973,1
86359118,1
98260478,1
24066354,1
26282740,1
99238599,1
13099118,1
58095082,1
98855535,1
26764624,1
59698598,1
10152808,1
52163529,1
95781089,1
19327760,1
22889983,1
17369975,1
39709637,1
91648080,1
50448070,1
24627185,1
36478939,1
33840727,1
96993378,1
48014778,1
82682405,1
22286945,1
99492157,1
83209308,1
68837025,1
50739842,1
83013203,1
83797295,1
89824656,1
21211783,1
81395117,1
75018500,1
10621039,1
94357949,1
54204552,1
48034133,1
15299465,1
80030297,1
16443718,1
51864889,1
64912069,1
66405094,1
18416841,1
78784144,1
47617820,1
35805420,1
90627290,1
31796356,1
97969286,1
79078279,1
62331358,1
97164324,1
37261229,1
19384629,1
35777806,1
12794228,1
36590715,1
46331364,1
30307319,1
51538727,1
98031901,1
61723807,1
75884575,1
39477910,1
62618441,1
70011414,1
43651699,1
11815650,1
12588040,1
12691891,1
79991799,1
95593549,1
29932219,1
72861788,1
83527393,1
88920520,1
42486915,1
68989063,1
98051772,1
77504486,1
44859584,1
81466753,1
15307149,1
90092765,1
63753607,1
74487713,1
46390311,1
13772493,1
37118787,1
86093597,1
79154887,1
82324932,1
93286029,1
56724927,1
77392491,1
19600278,1
60984349,1
53025414,1
91835938,1
93462986,1
26510682,1
87848487,1
13916008,1
90692036,1
56911080,1
94322134,1
57704018,1
72173017,1
54060106,1
96108209,1
65837675,1
13946000,1
51878854,1
97435415,1
76824124,1
52986979,1
69853659,1
93586380,1
50244470,1
73422581,1
41327376,1
73048124,1
46172099,1
18353515,1
87144827,1
81559146,1
50365816,1
76157346,1
96459986,1
67185780,1
24238728,1
70481454,1
66692551,1
39862493,1
44587183,1
64640178,1
35900960,1
77769847,1
99655918,1
38366566,1
33863464,1
63851127,1
98089445,1
64148109,1
89940902,1
33846728,1
23558830,1
23558966,1
21598298,1
46387507,1
23147800,1
82252791,1
23157973,1
28615564,1
20970936,1
53469193,1
46159044,1
15656563,1
13746059,1
73872256,1
16897670,1
73806773,1
84465067,1
24428261,1
53871480,1
89207892,1
77158624,1
54788769,1
81024402,1
98411799,1
82643740,1
20227260,1
31685960,1
80985576,1
51256781,1
43658991,1
17751309,1
24545424,1
77433317,1
73660883,1
27419205,1
37883757,1
19979496,1
62194219,1
74302032,1
53902034,1
18479945,1
50789451,1
70815225,1
52818979,1
11659194,1
47237364,1
59623210,1
13742639,1
51963748,1
68908346,1
98939756,1
91609165,1
18220933,1
61077299,1
15439727,1
39566140,1
15012472,1
60629823,1
14056676,1
23936563,1
82074423,1
60927643,1
56362626,1
21085927,1
16153539,1
57886111,1
31538037,1
30834252,1
93194542,1
34265299,1
78086677,1
95242416,1
80528800,1
23879794,1
27948559,1
28611157,1
70771161,1
35863050,1
25696773,1
21214769,1
80078991,1
52693772,1
46735716,1
55498726,1
13196299,1
74885433,1
44423593,1
31466114,1
63658926,1
76293085,1
64885395,1
11515639,1
80227153,1
69482934,1
21474127,1
68135865,1
22654934,1
59618632,1
46563452,1
95144755,1
54301346,1
98187071,1
63696874,1
32825357,1
36791587,1
43575244,1
14787040,1
69985046,1
43982191,1
96590319,1
62949306,1
13021889,1
73608978,1
63455405,1
20603310,1
35917731,1
22427013,1
17130602,1
86500086,1
17782946,1
70276817,1
48800250,1
75872015,1
71000804,1
45303695,1
22957822,1
75928889,1
65967738,1
61258319,1
59444714,1
62065520,1
94032581,1
70965439,1
68382814,1
17534374,1
28670790,1
74882109,1
49231161,1
49993127,1
64899203,1
23524954,1
44931694,1
40281825,1
76323092,1
50511640,1
86802631,1
11614264,1
74346272,1
23716630,1
66161191,1
28290462,1
13577470,1
29069378,1
23987173,1
48357101,1
16736886,1
72280861,1
70022496,1
78651337,1
55326457,1
59522415,1
31038161,1
94024469,1
21865104,1
92111352,1
41776109,1
80097791,1
17323984,1
85527309,1
70738943,1
94265571,1
28618293,1
87185818,1
77534591,1
47585411,1
75280625,1
31730438,1
41698990,1
97818861,1
39801475,1
67113156,1
12457247,1
48730547,1
50028255,1
23508909,1
75294753,1
86858642,1
12407857,1
26535972,1
64462169,1
22216036,1
25963406,1
40476444,1
85731976,1
38569871,1
86155585,1
26454580,1
80813684,1
43975042,1
14670083,1
36412689,1
10638145,1
52180965,1
27544469,1
42392677,1
36489974,1
10552161,1
66391640,1
93957211,1
62063574,1
20420096,1
18109025,1
16893817,1
38152598,1
65592963,1
26789488,1
19702532,1
63911015,1
63358769,1
46313874,1
28096378,1
25270603,1
35386213,1
66155605,1
71097371,1
56828362,1
14324818,1
35011324,1
37285527,1
90888707,1
61830510,1
29482897,1
36015355,1
68836398,1
57693883,1
78442128,1
28410729,1
89189236,1
73597202,1
29056857,1
55596840,1
24525908,1
66374002,1
71438653,1
30792866,1
92753809,1
42525827,1
27217714,1
22940859,1
89859587,1
52918197,1
77189596,1
43260946,1
27354998,1
86065207,1
42456089,1
36259101,1
56397701,1
12903198,1
49078377,1
28669267,1
61508392,1
17492116,1
35672965,1
64731476,1
28435875,1
61729895,1
33747777,1
77000826,1
45556066,1
41992709,1
38128906,1
49942465,1
47730674,1
32511151,1
24178503,1
54575195,1
81571693,1
33927175,1
49986719,1
22912742,1
46282626,1
42664153,1
86902182,1
81978525,1
37833185,1
62417069,1
18377473,1
30365376,1
84502527,1
92401570,1
78290513,1
16970209,1
74229504,1
57849033,1
75981645,1
38008051,1
97100164,1
70221870,1
69960249,1
99474562,1
64526583,1
69233083,1
67789341,1
62290562,1
86986262,1
23155048,1
91936860,1
29657277,1
28693567,1
10445885,1
51774933,1
71602958,1
83653845,1
30123058,1
94347759,1
38072926,1
76319045,1
98849275,1
92908604,1
50759166,1
49750376,1
29087026,1
21502041,1
21414750,1
15962319,1
48179033,1
48022224,1
14714805,1
13323874,1
20036916,1
28164671,1
69576116,1
51884070,1
49389392,1
93621419,1
33186707,1
23170865,1
88523003,1
27090467,1
11729879,1
55510702,1
47505838,1
21228384,1
79406967,1
86495613,1
61154474,1
22555458,1
99425664,1
57925394,1
97829208,1
71172845,1
49518359,1
87668882,1
33863569,1
32561549,1
42401252,1
61963941,1
22664236,1
45328868,1
67639701,1
42332177,1
22122383,1
53210164,1
54020236,1
31424518,1
70649750,1
81425571,1
61867037,1
24278677,1
32387879,1
40029792,1
69414500,1
25031520,1
27392830,1
50415893,1
57799571,1
27286122,1
87161085,1
33450556,1
48621337,1
12674901,1
79091719,1
53498270,1
70804500,1
70443868,1
34470527,1
76224160,1
33973336,1
62519269,1
59660376,1
43929601,1
74601577,1
91674165,1
14164110,1
84625947,1
58512359,1
85093054,1
16209459,1
86872283,1
80898714,1
18308715,1
41559393,1
91635923,1
43302799,1
14776982,1
93145795,1
40016513,1
12991600,1
66815022,1
27959810,1
90071730,1
79772876,1
83587787,1
15161671,1
14278214,1
16088194,1
24759037,1
87426782,1
76894502,1
40471456,1
87407361,1
10352558,1
70009722,1
91294999,1
56876284,1
45037000,1
99161478,1
69156742,1
18641558,1
43251285,1
27415880,1
13424956,1
96287484,1
97002064,1
60682212,1
92421854,1
76255884,1
35566854,1
14966073,1
17975653,1
44791464,1
79535124,1
88942383,1
20582136,1
16253258,1
21748156,1
89423328,1
10970954,1
20238233,1
51006881,1
91356868,1
93271735,1
77250893,1
60840982,1
81058411,1
41092683,1
93488735,1
37985807,1
12357726,1
17081678,1
59563864,1
57804526,1
76726840,1
42017548,1
96120366,1
90115758,1
80228441,1
26227365,1
26321985,1
17005493,1
12638687,1
58984822,1
25350620,1
10568979,1
65931542,1
50849907,1
78609927,1
33176003,1
80643755,1
15049774,1
57914670,1
93861061,1
78142787,1
73190502,1
34368741,1
95552201,1
67786245,1
71132573,1
51303646,1
24561836,1
31986194,1
53004082,1
34600629,1
28344133,1
17406545,1
99178252,1
21365335,1
67279512,1
24576977,1
67912143,1
62953238,1
20229007,1
15528078,1
26069143,1
18443305,1
30804492,1
12510722,1
72150216,1
81044200,1
74935567,1
30758559,1
67809277,1
16341614,1
50843568,1
75969360,1
78632151,1
68367692,1
89925589,1
40869640,1
84423157,1
85808854,1
64578784,1
96066656,1
30408938,1
76609018,1
18322096,1
25464400,1
83532503,1
30094715,1
47531480,1
87902072,1
76745264,1
49022988,1
40778878,1
62423993,1
24772393,1
10730817,1
25138527,1
43256508,1
25288693,1
44932135,1
89803740,1
50889874,1
77401638,1
96573866,1
19006192,1
74472760,1
45875722,1
12266352,1
12759649,1
52268847,1
32186319,1
12504877,1
38678893,1
43919872,1
24592254,1
73485837,1
18770941,1
59205083,1
43518637,1
16474498,1
83289223,1
50538296,1
35074837,1
11123945,1
12907643,1
24771017,1
92498948,1
98856770,1
16670534,1
82960179,1
98485600,1
20829840,1
29585295,1
24612643,1
65225806,1
91473594,1
35271724,1
84421665,1
35933144,1
35076381,1
74416472,1
18810659,1
31800277,1
67179343,1
38641090,1
13168277,1
24428971,1
45368372,1
47260073,1
55646284,1
56355950,1
61322929,1
28491977,1
92832630,1
32846166,1
48427972,1
21762689,1
64150380,1
98566748,1
47580540,1
24342411,1
55487707,1
60107189,1
40005496,1
75062489,1
70393206,1
69519302,1
11487644,1
58935503,1
40341229,1
92426203,1
61550148,1
19854509,1
38308229,1
28045430,1
64989812,1
76175773,1
79656944,1
63945295,1
19395882,1
90046707,1
99999855,1
87804382,1
12000296,1
63803387,1
54323687,1
94535892,1
17446413,1
75745243,1
10461050,1
50092461,1
37866097,1
19345845,1
79673829,1
49962249,1
40202870,1
95525874,1
98152555,1
10511181,1
33552238,1
88404487,1
64954784,1
12450773,1
83143755,1
19721361,1
62021326,1
39422065,1
11796740,1
30740679,1
18535424,1
31952637,1
48634878,1
59640537,1
20676235,1
81116147,1
16240468,1
61474257,1
92718268,1
30844729,1
37956396,1
60011333,1
87037258,1
51814792,1
29379708,1
61979209,1
68618118,1
92358539,1
14099010,1
94546259,1
66691823,1
81823257,1
85187275,1
29444808,1
13671141,1
19362123,1
77342468,1
63580579,1
26122251,1
66854190,1
91168028,1
84861605,1
11752561,1
49968413,1
95079690,1
99543863,1
54788445,1
29674134,1
76798138,1
21523309,1
25698690,1
82757910,1
22785153,1
49518575,1
21174914,1
99685883,1
49487047,1
12228241,1
47948323,1
61607230,1
85765520,1
83079200,1
53983169,1
10809898,1
40583648,1
58024792,1
91002497,1
87366776,1
65826288,1
73244147,1
98506065,1
36029350,1
54792716,1
68712033,1
91781716,1
63387226,1
74244561,1
91707064,1
19258043,1
17564391,1
40446483,1
85454157,1
55060258,1
86615189,1
26101309,1
79097835,1
18082474,1
94645548,1
93826737,1
23528455,1
43643719,1
61051028,1
44942399,1
26750165,1
97280627,1
77640260,1
32020956,1
87870386,1
24737403,1
89810284,1
62696744,1
89897207,1
40760278,1
70259489,1
32936346,1
51724285,1
96828489,1
76197720,1
50705044,1
62711325,1
65071205,1
17882927,1
76180051,1
81103402,1
66655372,1
43827517,1
97497108,1
30081574,1
81794543,1
85868043,1
42224738,1
90340133,1
58555242,1
58105879,1
84352266,1
72074537,1
47894523,1
67249148,1
54178920,1
60102996,1
41802033,1
31138838,1
82682741,1
81557228,1
33817668,1
35166970,1
48623161,1
34700463,1
32547827,1
97924004,1
92099054,1
18307006,1
44955517,1
65949427,1
47913926,1
41578363,1
45188066,1
31678860,1
59708935,1
13020803,1
39056044,1
35551608,1
63918560,1
85647842,1
22889889,1
30649907,1
20400220,1
14387097,1
61262851,1
89810899,1
74377151,1
94776962,1
11638807,1
50315509,1
22064519,1
57821395,1
52195622,1
56936670,1
13986581,1
57672624,1
10422353,1
35022237,1
18109747,1
19075259,1
36438878,1
78151090,1
66005238,1
82824950,1
28542874,1
92612914,1
20979329,1
24847947,1
70844807,1
91449329,1
28454452,1
50461632,1
69384424,1
80554842,1
15876586,1
83922991,1
32683599,1
80288822,1
52124246,1
19372751,1
67479122,1
46064837,1
50359023,1
32358433,1
33009533,1
92335566,1
63511422,1
82264389,1
40897956,1
87691615,1
39790106,1
55648803,1
78687935,1
71967553,1
88944357,1
65343414,1
16589927,1
73849150,1
69097120,1
36799348,1
26962328,1
94243533,1
18627458,1
55295382,1
15779339,1
24187642,1
29146287,1
48334029,1
99094701,1
48037350,1
40941978,1
79094523,1
89272275,1
84642842,1
33906178,1
34588754,1
25195883,1
72581676,1
75928515,1
28889690,1
95204178,1
25470015,1
46538741,1
76552211,1
67774174,1
44088098,1
80788052,1
45181879,1
19207731,1
56976108,1
87903390,1
95926442,1
81681144,1
40896051,1
89722399,1
39388272,1
15987025,1
41794200,1
18949514,1
50567148,1
16202781,1
63103007,1
17975938,1
54651422,1
56040585,1
81470959,1
66412577,1
37299833,1
11195216,1
81079205,1
97773318,1
85673986,1
61783054,1
57698011,1
48363677,1
69407766,1
83976996,1
95124373,1
26208371,1
17547185,1
80912446,1
72305748,1
16388554,1
30845089,1
80404944,1
12908200,1
11213741,1
68170271,1
82267378,1
22317837,1
35381961,1
90832209,1
49958445,1
49167689,1
51875451,1
43806499,1
31562129,1
59011966,1
40169387,1
11177142,1
47077439,1
89532500,1
16327927,1
26741220,1
58270859,1
37113894,1
31205164,1
95307440,1
71297465,1
23722264,1
88422559,1
35295537,1
89376725,1
93406581,1
83743932,1
59028067,1
77493872,1
95680438,1
98431757,1
59229459,1
22200623,1
50279359,1
90035426,1
79700210,1
69682401,1
86639592,1
82224334,1
53150360,1
47458170,1
68871895,1
66446816,1
91574694,1
90059146,1
20135156,1
85680361,1
51895042,1
93559536,1
45551635,1
28571859,1
71075769,1
97844979,1
13356471,1
47659651,1
82311258,1
35617347,1
53104046,1
93526872,1
10655966,1
43870947,1
92175540,1
30447103,1
88289991,1
52230779,1
42325898,1
27235731,1
36727967,1
87264840,1
67867720,1
58055085,1
60666822,1
58349379,1
72849521,1
84866738,1
83068907,1
75804613,1
39668732,1
76960102,1
82269357,1
45283736,1
35568761,1
48577741,1
21224559,1
20396637,1
45329741,1
58434786,1
47984837,1
97232446,1
87139635,1
47405170,1
46991916,1
71359945,1
50900295,1
71129621,1
79949352,1
37459992,1
21670709,1
23261045,1
69424230,1
83014567,1
51474923,1
72094771,1
37575305,1
64633957,1
18239888,1
53840713,1
37861656,1
44560695,1
86677409,1
12823008,1
74511726,1
62035882,1
95058627,1
82719420,1
24196187,1
54415271,1
80634018,1
68930784,1
94420087,1
52318836,1
37622061,1
13635632,1
76149971,1
87018807,1
50493616,1
92989686,1
29902593,1
15188540,1
39993690,1
27763860,1
32782689,1
52128818,1
70269194,1
83024547,1
60521655,1
53615144,1
81586796,1
88252347,1
50386106,1
54671473,1
85467651,1
66197189,1
94629822,1
54943645,1
85806970,1
10400778,1
82572395,1
86655139,1
67293022,1
59286204,1
39750107,1
70876633,1
46386788,1
57445668,1
45481471,1
62195497,1
53534105,1
50555760,1
42336348,1
64537633,1
92454163,1
66368681,1
21684550,1
81936787,1
66537758,1
95622234,1
43791698,1
29117816,1
88499140,1
74422340,1
32691955,1
67983418,1
48845632,1
23487967,1
32886147,1
20733584,1
45841105,1
19377038,1
34125150,1
10659296,1
12148635,1
53767310,1
39511906,1
74922595,1
29267440,1
84565361,1
77120891,1
48102870,1
19234659,1
59789741,1
92807421,1
70734433,1
50241887,1
13361843,1
90321720,1
22343935,1
13950715,1
30064767,1
62242425,1
32422655,1
81122225,1
80639623,1
10155947,1
56274116,1
77638362,1
30634743,1
77623937,1
82793367,1
46630419,1
91017256,1
16658001,1
52728930,1
31776978,1
37888241,1
76894644,1
11478454,1
33081843,1
51168843,1
66438963,1
13277822,1
91552759,1
40006556,1
42497610,1
66521568,1
31031922,1
66259910,1
87777808,1
77733397,1
91621099,1
44204720,1
62279728,1
59383369,1
37328681,1
97960828,1
88275415,1
70611824,1
48648367,1
99206786,1
95922629,1
94322346,1
23932245,1
44293931,1
97967146,1
99064909,1
16310098,1
72257092,1
38694288,1
31317777,1
86400764,1
83048215,1
90118879,1
81344547,1
18798263,1
43052540,1
23299307,1
70711092,1
61191899,1
43883429,1
51735819,1
89473617,1
26929732,1
96250762,1
96052375,1
97029986,1
42530651,1
99695421,1
55340940,1
97924367,1
90217733,1
23623492,1
29117477,1
18426133,1
89857307,1
92820176,1
14230923,1
40041795,1
90424178,1
94969478,1
95150600,1
51572687,1
42171522,1
62845748,1
62091637,1
79292995,1
60578432,1
72350037,1
65309353,1
64586546,1
34658172,1
67640867,1
97881795,1
79050134,1
29439107,1
72839418,1
20248255,1
17908962,1
35951649,1
67767993,1
37165192,1
92784600,1
56633839,1
41479528,1
38499406,1
45865641,1
21655908,1
23503994,1
93165014,1
87616881,1
59949184,1
15390883,1
78524507,1
54967647,1
67257577,1
79336481,1
78074842,1
37919477,1
50718965,1
49720345,1
91970529,1
23167678,1
53633857,1
90244494,1
38740486,1
71295573,1
27836952,1
37998614,1
52164555,1
37429063,1
74350662,1
33977123,1
60299766,1
93155977,1
41883123,1
56429088,1
14265953,1
30280447,1
50510898,1
98252127,1
78041970,1
34428594,1
42675677,1
23423317,1
77022131,1
79829307,1
53226618,1
65726485,1
91072658,1
55640098,1
93353086,1
38477614,1
98989137,1
26325694,1
81924360,1
69194581,1
66929747,1
86222139,1
93701916,1
67499533,1
35053724,1
82667426,1
68763273,1
43964619,1
96670177,1
11019865,1
34504872,1
51180296,1
17384972,1
59610417,1
54277873,1
23923758,1
38347105,1
30717677,1
34768722,1
23973418,1
75884389,1
29854952,1
25771169,1
76994460,1
69160254,1
51044634,1
31755980,1
74908236,1
28049322,1
20564446,1
54260975,1
17687497,1
13367909,1
72899637,1
94323343,1
15080687,1
37669961,1
92246808,1
75436701,1
96636069,1
56305209,1
82326978,1
24280128,1
72542308,1
34583460,1
87018603,1
61267781,1
90340421,1
25269783,1
58769051,1
64573023,1
90283371,1
99910041,1
77244199,1
12889996,1
80532555,1
45269280,1
98435029,1
29665126,1
84755003,1
37133228,1
27963169,1
79386498,1
30247294,1
69866997,1
57306866,1
79014308,1
53744082,1
95786018,1
24766437,1
48784192,1
35500537,1
72491738,1
25838020,1
76784284,1
53324956,1
79033830,1
91662158,1
69184045,1
43302228,1
27541852,1
25801979,1
12681551,1
29987270,1
98134795,1
55508026,1
57179699,1
81663496,1
12296342,1
28969753,1
94227750,1
46647554,1
67320556,1
16069600,1
17797027,1
32686028,1
90601303,1
28206312,1
35111225,1
64596080,1
81940085,1
16487598,1
43449732,1
66782430,1
88038299,1
27995508,1
33568702,1
80126136,1
81069266,1
45281202,1
49506181,1
33022290,1
82081411,1
35694788,1
62190668,1
40148661,1
77264805,1
48042305,1
48724773,1
91168582,1
39269413,1
78929525,1
29087622,1
92884713,1
67653454,1
78771917,1
57667764,1
90673449,1
68957936,1
18400638,1
19022195,1
99709288,1
97428898,1
39358007,1
76729131,1
58967927,1
82322830,1
94453560,1
49329354,1
30723649,1
73663449,1
87615941,1
63641040,1
81124295,1
55964982,1
79151447,1
18998020,1
88342968,1
77467903,1
18313863,1
52487964,1
50244171,1
93761391,1
48804580,1
88651867,1
51942992,1
46151170,1
18856868,1
63629673,1
89912766,1
14021817,1
86048528,1
99594793,1
47303498,1
26211402,1
89071199,1
42535530,1
43348186,1
33396690,1
29126211,1
20289135,1
49615907,1
44091544,1
14624657,1
34819562,1
91175891,1
60929503,1
38336118,1
79080765,1
90520982,1
79753190,1
55317106,1
34156401,1
50303274,1
28410127,1
57388599,1
55727321,1
13778147,1
63154424,1
87338285,1
52308291,1
64957004,1
71295159,1
95720236,1
12253907,1
12509735,1
56753255,1
76878189,1
40903968,1
17822667,1
36249974,1
58480790,1
66806135,1
79743816,1
90145813,1
92289405,1
60765954,1
27226885,1
51452944,1
51901429,1
64943783,1
60455481,1
91612923,1
80709702,1
17988053,1
64317832,1
56593871,1
63890219,1
88052578,1
86197392,1
28944032,1
51647659,1
29167581,1
52465375,1
99154073,1
62526324,1
61096923,1
51725812,1
25259935,1
61156613,1
58412697,1
76342122,1
33769895,1
41362714,1
47977227,1
12222996,1
74993908,1
28468789,1
29300733,1
24647339,1
35965905,1
30026343,1
61725768,1
92009180,1
48702244,1
95444424,1
92536887,1
22722324,1
43116642,1
47690924,1
40406137,1
54239540,1
63279758,1
43029897,1
84120498,1
23086876,1
95793711,1
78838958,1
73713083,1
82511394,1
85229578,1
83445290,1
25162605,1
92838298,1
38296178,1
91939347,1
34808702,1
96763219,1
68271835,1
32484420,1
55688123,1
11405414,1
67162018,1
98183457,1
94058909,1
39922979,1
89475763,1
96488057,1
29607649,1
30202836,1
67762997,1
98793866,1
87409355,1
39641828,1
98921980,1
25642790,1
63942901,1
49290500,1
85588894,1
88332431,1
89944866,1
32183074,1
40049020,1
95859689,1
20769550,1
65106673,1
82616009,1
89670329,1
88880963,1
13787120,1
61608279,1
43843716,1
60947755,1
82064442,1
55553516,1
62689626,1
81714142,1
50122338,1
44768876,1
88119452,1
94898446,1
83889179,1
34006167,1
37767727,1
67811037,1
23292088,1
83368861,1
86284056,1
59507598,1
66046584,1
18654864,1
82888408,1
87268045,1
24313974,1
68705404,1
14919350,1
84313809,1
97113586,1
41664484,1
11060123,1
48726165,1
79693681,1
14745382,1
75331836,1
11404723,1
30111186,1
37656469,1
16259254,1
47182551,1
57919768,1
57779763,1
67019902,1
15796244,1
62712543,1
47507075,1
19667117,1
42684508,1
43360043,1
84434869,1
23445439,1
44183268,1
18802224,1
32154290,1
88257237,1
91356982,1
86508409,1
56634696,1
32013645,1
10208611,1
12234011,1
24565167,1
95815934,1
24890859,1
36762719,1
78143198,1
72841721,1
62705327,1
19222013,1
52016848,1
78135576,1
88090952,1
62212972,1
38078716,1
69423386,1
66284864,1
27443333,1
35664372,1
85791489,1
45906847,1
63029910,1
52533265,1
42770948,1
15113347,1
18804258,1
35038314,1
43897644,1
61486294,1
97054764,1
18110563,1
53456506,1
48641542,1
92241879,1
69819356,1
39720767,1
89295127,1
15851377,1
26037107,1
35842896,1
22672937,1
62468021,1
32886026,1
83642811,1
32949114,1
86686192,1
81362986,1
11919186,1
20074454,1
73476198,1
49597225,1
94213800,1
65287802,1
18447986,1
10570323,1
34239182,1
28864682,1
30267911,1
77731131,1
84351290,1
24275271,1
81375603,1
35786947,1
25261258,1
71156963,1
45688727,1
56324480,1
18394124,1
56936565,1
69545953,1
33810543,1
84831965,1
73726134,1
53903047,1
24499845,1
64233541,1
20743528,1
89763448,1
69003332,1
28125534,1
78214792,1
19285497,1
44604160,1
31534870,1
13999035,1
15791577,1
79781002,1
75577029,1
98502723,1
72124602,1
26521337,1
44053052,1
69931619,1
76071264,1
20258519,1
62667006,1
82955159,1
30228869,1
52334144,1
65039403,1
34066265,1
95132184,1
34277299,1
15659120,1
74869129,1
30762158,1
90233400,1
29794206,1
98227627,1
42072627,1
44259216,1
33276884,1
24163509,1
50711288,1
14798577,1
79019728,1
88749526,1
55263565,1
47919936,1
66956456,1
39982182,1
55481862,1
89384014,1
62747767,1
81019677,1
11958799,1
74308671,1
83236990,1
98647235,1
85943005,1
35920628,1
33271980,1
68095940,1
38629836,1
29164937,1
78840598,1
23911528,1
10491253,1
86146964,1
89257262,1
72617223,1
79548877,1
36556810,1
18604780,1
33799033,1
88458099,1
13155529,1
12842952,1
54254824,1
92922694,1
59033230,1
66933413,1
17096384,1
77915571,1
96384558,1
79343763,1
34608092,1
11163410,1
91958839,1
96900527,1
58671620,1
41751237,1
79718998,1
31714117,1
38659872,1
47510889,1
36695745,1
88451981,1
56564237,1
41579687,1
24944158,1
74415734,1
59874114,1
11899817,1
10860622,1
75966620,1
89949823,1
43455017,1
50277446,1
57795299,1
38783093,1
33994129,1
90504990,1
45475994,1
69422866,1
48069528,1
86244980,1
93691104,1
26970644,1
52887630,1
13453327,1
80018462,1
27492382,1
54342445,1
82892644,1
58458206,1
98780882,1
30337310,1
90773564,1
89977168,1
92128037,1
24665539,1
80036435,1
69486156,1
52915719,1
22079983,1
78249829,1
30482168,1
22467211,1
94196273,1
45675076,1
81458839,1
90790860,1
14536275,1
14071203,1
19737709,1
66579709,1
15078407,1
99255017,1
78543536,1
78231048,1
75030693,1
33364714,1
12631167,1
34377197,1
54788820,1
38141048,1
60013905,1
36216908,1
19214477,1
95169929,1
73298263,1
70496045,1
74318186,1
81632040,1
34945596,1
88079671,1
96370789,1
81052875,1
23728040,1
34805077,1
63820085,1
59828572,1
15175114,1
66126383,1
78696148,1
90734858,1
71594251,1
68119162,1
24209121,1
40857974,1
10680173,1
23639638,1
16987301,1
35993458,1
14215309,1
75265299,1
81361485,1
13324898,1
90363345,1
74561264,1
54725127,1
59080907,1
11318694,1
46048610,1
76572844,1
13948731,1
14795627,1
51748251,1
61965479,1
13503090,1
17551739,1
43932234,1
91884285,1
63885141,1
66796538,1
74434006,1
14642958,1
24346035,1
17328822,1
84971009,1
40418848,1
89374843,1
37999100,1
42907328,1
67382134,1
47675350,1
53581715,1
51220102,1
97665725,1
24711451,1
82212137,1
85939369,1
74788970,1
98566537,1
62873862,1
72980464,1
74888128,1
19658787,1
29383575,1
12440207,1
18474154,1
72638988,1
14441948,1
82706269,1
57387836,1
33733711,1
99940875,1
23436290,1
43683025,1
87525157,1
51157046,1
23674015,1
70842808,1
86345642,1
22536222,1
13347578,1
50158798,1
55111481,1
66559016,1
29160671,1
68339067,1
21561355,1
97474354,1
98317336,1
54198385,1
34144984,1
78060202,1
68022468,1
27471702,1
49240965,1
90956901,1
14073953,1
87496786,1
59312799,1
83622123,1
66459830,1
66712111,1
95295130,1
87701951,1
47215767,1
37554474,1
58864960,1
49496679,1
61021389,1
68417127,1
93442237,1
25896121,1
23961652,1
49271101,1
15584595,1
46511587,1
78946008,1
44119057,1
28697917,1
95184156,1
97131380,1
96767643,1
17171650,1
85470158,1
94645733,1
68595017,1
79503709,1
78509549,1
10456836,1
64834605,1
98399988,1
85679842,1
35913365,1
25933613,1
94509613,1
62255668,1
90419374,1
11694955,1
38563632,1
72395914,1
46243117,1
79547704,1
74170131,1
76485369,1
26283463,1
57966575,1
48259488,1
79656101,1
93910485,1
63079592,1
17712953,1
70245842,1
73816808,1
40867199,1
11529742,1
26824980,1
11684497,1
45957566,1
80593292,1
66878432,1
86343850,1
28030841,1
99408271,1
50264143,1
67178323,1
32873552,1
71223043,1
61233383,1
15067701,1
38930394,1
64022197,1
25531833,1
96290482,1
10147994,1
84393908,1
14391958,1
33946484,1
87362712,1
89402639,1
94287079,1
30269004,1
76370825,1
61487973,1
25841839,1
31118236,1
53939059,1
36428452,1
42432111,1
74823515,1
55352980,1
87144995,1
69851189,1
78060005,1
30564543,1
85865680,1
60251284,1
98948762,1
69379901,1
28612963,1
51643104,1
92515694,1
19491820,1
72068764,1
19674957,1
79944820,1
51843774,1
53671196,1
35755080,1
19674165,1
91816419,1
68829707,1
94049856,1
36135824,1
98154152,1
87636511,1
25323158,1
44553308,1
64910612,1
21679657,1
35211694,1
94166119,1
33141821,1
79508235,1
40325183,1
47242901,1
22932340,1
62869333,1
69030805,1
54170100,1
23474169,1
45840984,1
60745859,1
31541972,1
12268923,1
45838092,1
80000740,1
76290052,1
47012279,1
41979725,1
53233866,1
25344061,1
36565639,1
84905578,1
10184787,1
64896820,1
70836864,1
58918873,1
30300244,1
71305734,1
87321440,1
99595620,1
95528883,1
65207653,1
97980118,1
21559608,1
18942211,1
41409434,1
60052114,1
47683934,1
63489632,1
36378381,1
87637450,1
70050019,1
25018111,1
76425952,1
72416529,1
66001331,1
20768972,1
34645037,1
97751609,1
35732194,1
34530556,1
86522385,1
83300169,1
91335347,1
93742632,1
26908643,1
92526061,1
54472534,1
40563543,1
94482406,1
16721594,1
43574809,1
46020307,1
73937380,1
54242677,1
62720650,1
62765992,1
42080985,1
85445313,1
12443449,1
12176660,1
32349581,1
14522841,1
74078757,1
89814584,1
10901261,1
32669293,1
78338429,1
32468306,1
85740314,1
88184135,1
71309434,1
62546695,1
88244206,1
91734538,1
67895673,1
49380983,1
81263616,1
11502063,1
94544750,1
17967650,1
77414546,1
17542311,1
16344023,1
83899588,1
38452299,1
23918704,1
39742137,1
21930242,1
92156279,1
90446744,1
44326515,1
35860116,1
59061166,1
72672059,1
85858726,1
67875141,1
67197114,1
19993600,1
86272876,1
26089094,1
85251850,1
89043269,1
68735940,1
24624214,1
93983692,1
75291508,1
54572877,1
11237341,1
50888959,1
70094131,1
93780308,1
45816630,1
95522893,1
50154148,1
29873304,1
35032705,1
18639328,1
40038817,1
52052397,1
87139844,1
70403504,1
74586179,1
46308211,1
12455317,1
49281309,1
50855985,1
52807209,1
83931239,1
68975829,1
74557021,1
41341377,1
89034333,1
51856663,1
97777551,1
59351723,1
30146270,1
83990893,1
67484313,1
35670586,1
61801912,1
65079993,1
41464880,1
29006630,1
29472694,1
55334976,1
39950434,1
88645949,1
39025209,1
85509956,1
99954460,1
93246340,1
20362092,1
69983374,1
13677899,1
39334891,1
87723854,1
86298951,1
39698108,1
98550226,1
20002314,1
58022918,1
39291846,1
38229301,1
59399482,1
77692727,1
23793647,1
87103071,1
25471508,1
34099108,1
30963959,1
72849824,1
16264191,1
57490067,1
83094050,1
64780628,1
31391287,1
33094225,1
93345554,1
45346957,1
77310318,1
55833426,1
38576462,1
17406690,1
10566728,1
70223302,1
96896952,1
91711637,1
95869188,1
84209346,1
56990028,1
88240501,1
32992342,1
69500843,1
50969081,1
59534960,1
85259306,1
35078826,1
10521098,1
12843752,1
68100953,1
47047038,1
55231907,1
49870580,1
78926181,1
62293623,1
47702269,1
83068288,1
55067717,1
56246867,1
83151045,1
99589559,1
11686399,1
56577231,1
23463570,1
16460124,1
75732623,1
67085779,1
53420538,1
80442678,1
94328307,1
68375319,1
95172684,1
57045876,1
93496433,1
12058502,1
97694705,1
83431297,1
79394443,1
37070023,1
15335995,1
32766861,1
49717256,1
31095533,1
90616815,1
14763519,1
92155038,1
44351953,1
17324064,1
82850777,1
97438752,1
77345402,1
89359962,1
11295517,1
90627328,1
94833673,1
36246332,1
52467400,1
61426908,1
72520867,1
55718584,1
62480533,1
38662710,1
99660654,1
78968644,1
54222740,1
87518977,1
84425572,1
73978536,1
63662657,1
76985075,1
87905991,1
19245451,1
25643004,1
65378626,1
51339523,1
50422915,1
23454638,1
46725179,1
60814352,1
21859913,1
84065016,1
69880084,1
93735584,1
21270744,1
45727451,1
68914136,1
54670859,1
44934829,1
26045891,1
48217732,1
51085817,1
36454631,1
44287411,1
98984928,1
58159497,1
54952697,1
57522026,1
35336319,1
40018092,1
42974764,1
11665681,1
41897244,1
65487779,1
40746984,1
58515554,1
36900955,1
33246443,1
71729380,1
83485777,1
77217372,1
69435006,1
92597266,1
19139802,1
11624915,1
21473851,1
27594601,1
35927987,1
28373840,1
28060064,1
86142466,1
46484836,1
70450770,1
13014052,1
30730373,1
94986464,1
88676030,1
99648475,1
90392583,1
83178126,1
97524276,1
58012131,1
23820277,1
79663593,1
17940953,1
58967769,1
35313839,1
47866758,1
26819919,1
18311788,1
21777152,1
42243112,1
55421143,1
91843273,1
88137273,1
98286552,1
89653149,1
95710115,1
92109513,1
89641102,1
75332597,1
92383033,1
61180363,1
24144093,1
29548173,1
54039350,1
86556357,1
84025972,1
31550165,1
31009438,1
26450824,1
26196120,1
94206943,1
66283533,1
62866480,1
17286568,1
88518401,1
44917685,1
60261332,1
87415814,1
24410127,1
48668932,1
62067279,1
82061754,1
55950133,1
61435464,1
63258001,1
45531777,1
17953135,1
73362946,1
91851414,1
10949115,1
46770712,1
85487958,1
69591217,1
32563567,1
51422935,1
19526013,1
15011508,1
65285967,1
96069544,1
53598146,1
94285465,1
43541721,1
24655135,1
99817010,1
22839123,1
74706250,1
19414004,1
28949045,1
48571224,1
72170469,1
35369571,1
24962046,1
46385661,1
57155809,1
94911841,1
54251939,1
65118937,1
96741398,1
38630468,1
50554471,1
77478864,1
94000533,1
68711935,1
98388790,1
97151763,1
60708624,1
53576335,1
49709568,1
14053880,1
71310581,1
95205019,1
19511976,1
82837590,1
18613831,1
87834116,1
80846785,1
53041557,1
11958724,1
24058348,1
86972474,1
