id_cpte,default
10074849,0
10086539,0
10140908,1
10147994,0
10152808,0
10153124,0
10155947,0
10184787,0
10208611,0
10211370,0
10234434,0
10250516,0
10283617,0
10352558,0
10360546,0
10400778,1
10422353,0
10445885,0
10456836,1
10457314,0
10458286,0
10461050,0
10482423,1
10491253,0
10496971,0
10501380,0
10511181,0
10521098,0
10552161,0
10566728,1
10567310,0
10568979,0
10570323,0
10574791,0
10605841,0
10613297,0
10621039,0
10628526,0
10638145,0
10653165,0
10653245,1
10655966,0
10659296,0
10680173,0
10710620,0
10730817,0
10747934,0
10770155,0
10779648,0
10809898,0
10813722,0
10860622,0
10888272,0
10901261,0
10949115,0
10970954,0
10994148,0
11003622,0
11019865,0
11046088,1
11060123,0
11080494,0
11088572,0
11119995,0
11123945,0
11138026,1
11161135,1
11163410,0
11177142,0
11195216,0
11213741,0
11230608,0
11237341,0
11256074,0
11260697,0
11295517,0
11318694,1
11389745,0
11402628,0
11404723,0
11405414,1
11437470,0
11478454,0
11483578,1
11487644,0
11500471,0
11502063,0
11503093,0
11515639,0
11529742,0
11563105,0
11563234,0
11587925,0
11614264,0
11624915,0
11638807,0
11659194,0
11665681,0
11684497,0
11686399,0
11687764,0
11690683,0
11693467,0
11694955,0
11729879,0
11752561,0
11796740,0
11803485,0
11815650,0
11819625,0
11837286,0
11838142,0
11853859,0
11899817,0
11919186,0
11938973,0
11941222,0
11958724,0
11958799,0
12000296,0
12033356,0
12058502,1
12148635,1
12158823,0
12176660,0
12193114,0
12209679,0
12222996,0
12228241,0
12234011,0
12247846,0
12253907,0
12266352,0
12268923,0
12280108,1
12296342,1
12327786,0
12357726,0
12406827,0
12407857,0
12431442,0
12440207,0
12443109,0
12443449,0
12450773,0
12455317,1
12457247,0
12504877,0
12507784,1
12509735,0
12510722,0
12588040,0
12631167,0
12638687,0
12670529,0
12674901,0
12681551,0
12691891,0
12705249,0
12736719,0
12754894,0
12759649,0
12768522,0
12794228,0
12811200,0
12817588,0
12819536,0
12823008,0
12842952,0
12843752,0
12853134,0
12855317,0
12889996,0
12903198,0
12907643,0
12908200,0
12934767,1
12935527,0
12970823,0
12991600,0
13014052,0
13020803,0
13021889,0
13022651,0
13040161,0
13075249,0
13099118,0
13146590,0
13155529,0
13168277,0
13196299,0
13197340,0
13218979,1
13225642,0
13250752,1
13277313,0
13277822,0
13323874,0
13324898,1
13347578,0
13356471,0
13360829,0
13361843,0
13366911,0
13367909,0
13386690,0
13424956,0
13427995,1
13444270,0
13453327,0
13475309,0
13496345,1
13503090,0
13555047,0
13559691,0
13577470,0
13593130,1
13635632,0
13670114,0
13670758,0
13671141,1
13677899,0
13706503,0
13718838,0
13742639,0
13746059,1
13772493,0
13778147,0
13787120,0
13860005,1
13916008,0
13918683,0
13946000,0
13948731,0
13950715,0
13950747,0
13974712,0
13986581,0
13999035,0
14004462,0
14021817,0
14023293,0
14053880,0
14056676,0
14059552,0
14071203,0
14073953,0
14085121,0
14099010,1
14103078,0
14140936,0
14164110,0
14179737,0
14215309,0
14215392,1
14223598,0
14230923,0
14265953,0
14278214,0
14314370,0
14324818,0
14355674,1
14387097,0
14391958,1
14408693,1
14441948,0
14446708,0
14506439,1
14507742,0
14522841,0
14536275,0
14571094,0
14609744,1
14610765,0
14623921,0
14624657,0
14642958,1
14647790,0
14659824,0
14664882,0
14670083,0
14714805,0
14729797,0
14741404,0
14745382,0
14763519,0
14776982,0
14787040,0
14788698,1
14795627,0
14798577,0
14839216,0
14855739,0
14919350,0
14939560,0
14966073,0
15011508,0
15012472,0
15049774,0
15067701,0
15078407,0
15080687,0
15113347,0
15144802,0
15157721,0
15161671,0
15175114,0
15188540,0
15275975,0
15299465,0
15306079,0
15307149,0
15316382,0
15317201,0
15335995,0
15390883,0
15403268,0
15407632,0
15439727,0
15452825,0
15458819,0
15459267,0
15493676,0
15516593,1
15522635,0
15522884,0
15527321,0
15528078,0
15528272,0
15551810,0
15576366,0
15584595,1
15608561,0
15608737,0
15656292,1
15656563,0
15659120,0
15674618,0
15690366,0
15696832,0
15699273,0
15732177,1
15750689,0
15770128,0
15779339,1
15791577,0
15791865,0
15796244,0
15808810,0
15851377,0
15857580,0
15868310,0
15876586,0
15899393,0
15948881,0
15961799,0
15961871,0
15962319,0
15986841,0
15987025,0
15995870,0
16024852,0
16064438,0
16069600,1
16078875,0
16088194,0
16128549,0
16153539,0
16176944,0
16177868,0
16202781,0
16209459,0
16231071,0
16240468,0
16253258,0
16259254,0
16264191,0
16272758,0
16310098,0
16327927,0
16341614,0
16344023,0
16371501,1
16388554,0
16398613,0
16424431,0
16428255,0
16428309,0
16441791,1
16443718,0
16460124,0
16474498,0
16483411,1
16487598,0
16494454,0
16521638,0
16589927,0
16634325,1
16658001,0
16670534,0
16689907,0
16721594,0
16736886,0
16815885,0
16839817,0
16893817,0
16897670,0
16922155,0
16970209,0
16977655,0
16987301,0
17005493,0
17081678,0
17086307,0
17096384,0
17130602,0
17161422,0
17171650,0
17216427,0
17274555,1
17280242,0
17286568,0
17323984,0
17324064,0
17328822,0
17363557,0
17369975,0
17384972,1
17406545,0
17406690,0
17410951,1
17423797,0
17446413,0
17492116,0
17521195,0
17534374,0
17542311,0
17547185,0
17551739,0
17564391,0
17608448,1
17659751,0
17681873,0
17687497,0
17693944,0
17712953,0
17751309,0
17782946,0
17786080,0
17797027,1
17798822,0
17822667,0
17882927,0
17908962,0
17922285,0
17940953,0
17952001,0
17953135,0
17959338,0
17966626,0
17967650,0
17975653,0
17975938,0
17988053,0
18050859,0
18052475,0
18066518,0
18082474,0
18109025,0
18109747,0
18110563,0
18220933,0
18231612,0
18239888,0
18307006,0
18308715,0
18311788,0
18313863,0
18322096,0
18352717,0
18353515,0
18363503,0
18366672,0
18377473,0
18394124,0
18400638,0
18410777,0
18416841,0
18426133,0
18443305,0
18447986,0
18464790,0
18474154,0
18479945,0
18507184,0
18512921,0
18523202,0
18524601,0
18535424,1
18570268,0
18603371,0
18604780,0
18613831,0
18619286,0
18627458,0
18639328,1
18641558,0
18654864,0
18673221,1
18701292,0
18756929,0
18770941,0
18786115,1
18792143,1
18797827,1
18798263,0
18802224,0
18803896,0
18804258,0
18810659,0
18855113,0
18856868,0
18867060,1
18888677,0
18924352,0
18931488,0
18942211,0
18949514,0
18961767,1
18998020,0
19006192,0
19022195,1
19022374,0
19075259,1
19139802,1
19153222,0
19165005,0
19183191,0
19206921,0
19207731,0
19214477,0
19222013,0
19231739,1
19234659,0
19245451,0
19258043,0
19285497,0
19314677,1
19317686,0
19327760,0
19345845,0
19349030,0
19362123,0
19372751,0
19374236,0
19377038,0
19384629,0
19395882,0
19409632,0
19414004,0
19435513,1
19491820,0
19511976,0
19526013,0
19538969,0
19548374,0
19549563,1
19567381,1
19575527,0
19600278,0
19604662,1
19621395,1
19658787,0
19667117,0
19674165,0
19674957,0
19700120,0
19702532,0
19712250,0
19717110,1
19721361,0
19723079,0
19737709,0
19838828,0
19854509,1
19883220,1
19921212,0
19924879,0
19928553,0
19942582,0
19956162,0
19963369,1
19979496,0
19993600,0
20002314,0
20003168,0
20036916,0
20074454,0
20083342,0
20109784,0
20135156,0
20193611,0
20207418,0
20219637,0
20227260,0
20229007,0
20238233,0
20248255,0
20258519,0
20289135,0
20332722,0
20362092,1
20378666,0
20396637,0
20400220,0
20408531,0
20420096,0
20525996,0
20564446,0
20582136,0
20603310,0
20652971,1
20676235,0
20733584,1
20743528,0
20760224,1
20768972,0
20769550,0
20781466,0
20829840,0
20848541,0
20910637,0
20932657,0
20942070,0
20945076,1
20970936,0
20979329,0
20983782,0
20987505,0
21024348,0
21060836,1
21085927,0
21118850,1
21119842,0
21174914,0
21211783,0
21214769,0
21224559,0
21228384,0
21233109,0
21266172,0
21270744,0
21302198,0
21313046,0
21365335,0
21391355,1
21414750,0
21436041,0
21444953,0
21473851,0
21474127,0
21491350,0
21502041,0
21523309,0
21559608,1
21561355,0
21596940,0
21598298,0
21610439,1
21629907,0
21655908,0
21670709,0
21679657,1
21684550,0
21722788,0
21748156,0
21762689,0
21777152,0
21825090,0
21843223,1
21859913,0
21865104,0
21885516,0
21896369,0
21907269,0
21930242,0
21935444,0
21970860,0
22064519,0
22079983,1
22082201,0
22108455,0
22119570,0
22122383,0
22142976,1
22180148,0
22200623,1
22216036,0
22221119,0
22221147,0
22243395,1
22277998,1
22286945,0
22317837,0
22343935,0
22421775,1
22427013,0
22467211,0
22488733,1
22489514,0
22529386,0
22536222,0
22555458,0
22577089,0
22654934,0
22662574,0
22664236,0
22672937,0
22722324,0
22785153,0
22792824,0
22839123,0
22839553,1
22877681,0
22889889,0
22889983,0
22897168,1
22912742,0
22932093,0
22932340,1
22940859,0
22957822,0
22972288,0
22987118,0
22990322,0
23028843,0
23086876,0
23129730,0
23132317,0
23141152,0
23147800,0
23155048,0
23157973,0
23164680,0
23167678,0
23170865,0
23221654,0
23236436,0
23256142,0
23261045,0
23264072,0
23292088,0
23299307,0
23332467,0
23377571,0
23423317,1
23436290,0
23445439,0
23454638,0
23463570,1
23474169,0
23487967,0
23488209,0
23503994,0
23505032,0
23507299,1
23508909,0
23515813,0
23524954,0
23528455,0
23530538,0
23558830,0
23558966,0
23586175,0
23618666,0
23623492,0
23639638,0
23661411,0
23674015,0
23689556,1
23716630,0
23719045,0
23722264,0
23728040,1
23750832,0
23764386,0
23793647,0
23820277,0
23823203,0
23836161,0
23859819,1
23879794,0
23901556,0
23911528,1
23918704,0
23923758,1
23932245,0
23936563,0
23961652,0
23973418,0
23987173,0
24006092,0
24041593,0
24058348,0
24066354,0
24130648,1
24131456,0
24144093,0
24146879,0
24163509,0
24178503,0
24187642,0
24196187,0
24203031,0
24209121,0
24238728,0
24275271,0
24278677,0
24280128,0
24289780,0
24313974,1
24314541,0
24317053,1
24326503,0
24342411,0
24346035,0
24410127,0
24428261,0
24428971,0
24453918,0
24474988,0
24499845,0
24502493,1
24525908,0
24545424,0
24561836,0
24565167,0
24573075,0
24576977,0
24591940,0
24592254,0
24596561,0
24612643,0
24624214,0
24627185,0
24647339,0
24655135,0
24663782,0
24665539,0
24711451,0
24737403,0
24742343,1
24759037,0
24766437,0
24771017,0
24772393,0
24801623,0
24806123,0
24814088,0
24847947,0
24857641,1
24873324,0
24890859,0
24896252,0
24908259,0
24909285,0
24944158,0
24962046,0
24979023,0
24993738,0
25018111,0
25024421,1
25031520,0
25038601,1
25059197,0
25090970,0
25116796,0
25138527,0
25162605,0
25181645,0
25193636,1
25195883,0
25253859,0
25259935,0
25261258,0
25269783,0
25270603,0
25288693,0
25289549,0
25297546,0
25323158,0
25325547,0
25344061,0
25350620,0
25363709,1
25365986,1
25464400,0
25470015,0
25471508,0
25473875,0
25484152,0
25489487,1
25531833,0
25532467,0
25538613,0
25540792,0
25642790,0
25643004,0
25650932,0
25696773,0
25698690,0
25707929,0
25724194,0
25746090,0
25759185,0
25771169,0
25801979,1
25827697,0
25838020,0
25841839,0
25850765,0
25865941,0
25896121,0
25911457,0
25926111,0
25933613,0
25934803,0
25958045,1
25963406,0
26037107,0
26045891,0
26054707,0
26069143,0
26089094,0
26101309,0
26122251,0
26196120,0
26208371,0
26211402,0
26227365,0
26253463,0
26282740,0
26283463,0
26321985,0
26325694,0
26340144,0
26351556,1
26355394,0
26355576,0
26387662,0
26408351,0
26450824,0
26454580,0
26499429,0
26510682,0
26521337,1
26535972,0
26543074,0
26573733,1
26583778,0
26592438,0
26644788,0
26645877,0
26661253,0
26670421,0
26717081,0
26741220,0
26750165,0
26764624,0
26789488,0
26796156,0
26808256,0
26819919,0
26823948,0
26824980,0
26845023,0
26859360,0
26897009,0
26906189,0
26908643,0
26929732,0
26962328,0
26970644,0
26994230,0
27000763,0
27011614,0
27019104,0
27090467,0
27120573,0
27132867,0
27155901,0
27193835,0
27217714,0
27224834,0
27226885,0
27230833,1
27235731,0
27286122,0
27328653,0
27354998,0
27386583,0
27392830,1
27396763,0
27407764,0
27415880,1
27416896,0
27419205,0
27435986,0
27443333,0
27471702,0
27492382,0
27501927,0
27530040,0
27532056,0
27541852,0
27544469,0
27594601,1
27598351,0
27620692,0
27725194,0
27748185,1
27763860,0
27821304,0
27821597,0
27836952,0
27842912,1
27850916,1
27909191,0
27948559,0
27959810,0
27963169,1
27995508,1
28004398,0
28008130,0
28030841,1
28045430,0
28049322,0
28060064,0
28096378,0
28116804,0
28125534,0
28139864,0
28151328,0
28164671,0
28201661,1
28206312,0
28217453,0
28270461,1
28278770,0
28290462,0
28344133,0
28369143,0
28373840,0
28410127,0
28410646,0
28410729,0
28435449,1
28435875,0
28454452,0
28459869,0
28468789,0
28491977,0
28512134,0
28538133,1
28542874,0
28545112,0
28570749,1
28571859,0
28587117,1
28611157,0
28612963,0
28615564,0
28618293,0
28669267,0
28670790,0
28693567,0
28697917,0
28731124,0
28841546,0
28849431,0
28864682,0
28877777,0
28889690,0
28914072,0
28935498,0
28944032,0
28949045,0
28969753,0
29002798,0
29006630,0
29056857,1
29069378,0
29087026,0
29087622,0
29117477,0
29117816,0
29126211,0
29129576,1
29146287,0
29160671,0
29164937,1
29167581,0
29180821,0
29220604,0
29228787,0
29259183,0
29259634,0
29264776,0
29267440,0
29300733,0
29341866,0
29363118,0
29379708,0
29383575,0
29392865,0
29439107,0
29444808,0
29446271,1
29466639,1
29472694,0
29482897,0
29485884,0
29504049,0
29548173,0
29554418,1
29579996,1
29585295,0
29605592,1
29607649,0
29657277,0
29665126,0
29674134,0
29675636,0
29710804,0
29736710,0
29761072,1
29794206,0
29799959,0
29808425,1
29854952,0
29862331,0
29873304,0
29893145,0
29894516,0
29902593,0
29932219,0
29987270,0
30000191,0
30026343,0
30062645,0
30064767,0
30076570,0
30076860,0
30081574,0
30094715,0
30111186,0
30113557,0
30123058,0
30146270,0
30163828,1
30194469,0
30202836,0
30228869,0
30238715,1
30247294,0
30267911,0
30269004,0
30271651,0
30280447,0
30295893,0
30300244,0
30304005,0
30307319,0
30308229,0
30317779,0
30337310,0
30337375,0
30365376,0
30391838,0
30408938,0
30432230,1
30447103,0
30473315,0
30482168,0
30524410,0
30544762,0
30564543,0
30569832,0
30593968,0
30634743,0
30649907,0
30705431,0
30717605,1
30717677,0
30723649,0
30730373,0
30740679,0
30758559,0
30762158,0
30792866,0
30804492,0
30817260,1
30834252,0
30844729,0
30845089,0
30845407,0
30932422,0
30958693,0
30963959,0
30964938,0
30974856,0
30983786,0
31009438,0
31031922,0
31038161,0
31069641,0
31092004,0
31095533,0
31096552,1
31098850,0
31109233,0
31118236,0
31138838,0
31145068,1
31145797,0
31205164,0
31317777,0
31391287,0
31424518,0
31438574,0
31466114,1
31496694,1
31505786,0
31509343,0
31527540,0
31531953,0
31534870,0
31538037,0
31541972,0
31550165,0
31562129,1
31604834,0
31671199,0
31678860,0
31685960,0
31709325,0
31714117,0
31726766,0
31730438,0
31755980,0
31774496,1
31775972,0
31776978,0
31778578,0
31791559,0
31796356,0
31799979,0
31800277,0
31823308,0
31848608,0
31875292,0
31937774,0
31952637,0
31969028,1
31986194,0
32013449,1
32013645,0
32015681,0
32020956,0
32065296,1
32081118,0
32083831,0
32154290,0
32183074,0
32186319,1
32203452,1
32340803,0
32349581,1
32353402,0
32358433,0
32387879,0
32391911,1
32419436,0
32422655,0
32460798,0
32468306,0
32484420,1
32507439,1
32507444,0
32511151,0
32527878,1
32547827,0
32555073,0
32561549,1
32563567,0
32580157,1
32649914,0
32669293,0
32682314,1
32683599,0
32686028,0
32691955,0
32741572,0
32766861,0
32768375,0
32782689,0
32800659,0
32813279,0
32825357,0
32846166,0
32854188,0
32862577,0
32873552,0
32886026,0
32886147,0
32936346,0
32946725,0
32949114,0
32987421,0
32992342,1
32996706,0
32999500,0
33009533,0
33022290,0
33042149,0
33062493,0
33075821,0
33081843,0
33092863,0
33094225,0
33141821,1
33152441,0
33176003,1
33186707,0
33246443,0
33259241,0
33261798,1
33271980,0
33276884,0
33300850,1
33306350,0
33364714,0
33380463,0
33396690,0
33413087,0
33422380,1
33422564,0
33442502,0
33450556,0
33501907,0
33532963,0
33552238,0
33568702,0
33582897,0
33617606,0
33626140,0
33723538,0
33733711,0
33747777,0
33763556,0
33769895,0
33799033,0
33810543,0
33817668,0
33840727,0
33846728,1
33863464,0
33863569,0
33869977,0
33906178,0
33912607,0
33927175,0
33938253,0
33946484,0
33973336,0
33977123,0
33991804,0
33994129,0
34003782,0
34006167,0
34019375,0
34039258,0
34066265,0
34080369,1
34099108,0
34125150,0
34144984,0
34156401,1
34215231,0
34217851,0
34231523,1
34238934,0
34239182,0
34265299,1
34277299,1
34294607,0
34314037,0
34348316,0
34361003,1
34368741,0
34377197,0
34428594,0
34470527,0
34488408,0
34504872,0
34530556,0
34561754,0
34583460,0
34588754,0
34595873,0
34600629,0
34603333,0
34608092,1
34624183,1
34645037,0
34658172,0
34658615,1
34700463,0
34705944,0
34766323,0
34768722,0
34805077,0
34808702,0
34819562,0
34823317,0
34945596,0
34950000,0
35011324,1
35022237,0
35030608,0
35032705,0
35038314,0
35053724,0
35056830,0
35064939,0
35074837,1
35076381,0
35078826,1
35111225,0
35121157,0
35130016,1
35145702,0
35166970,0
35174070,0
35211694,1
35216651,0
35242394,0
35244382,0
35248341,0
35271724,0
35289713,0
35295537,0
35299073,1
35313839,0
35324784,0
35336319,0
35343067,0
35357192,0
35369571,0
35381961,0
35386213,0
35413162,0
35465657,0
35476781,0
35500537,0
35525632,1
35551608,0
35566854,0
35568761,1
35602796,0
35606535,0
35617347,0
35664372,0
35670586,0
35672965,0
35684365,1
35693446,0
35694788,0
35715045,0
35732194,0
35755080,0
35777806,0
35786342,0
35786947,0
35805420,0
35808019,0
35814154,0
35815586,0
35818067,0
35842896,0
35860116,0
35863050,0
35889772,0
35900960,0
35913365,0
35917731,0
35918316,0
35918428,0
35920628,0
35927987,0
35931898,0
35933144,0
35951649,0
35965905,0
35993458,0
36015355,0
36024847,0
36029350,0
36064406,0
36064935,1
36082000,0
36135824,1
36205224,0
36205687,0
36216908,0
36235824,0
36246332,0
36249974,0
36259101,0
36290825,0
36362239,0
36366896,0
36378381,1
36412689,0
36428452,1
36438878,0
36454631,1
36478939,0
36480130,1
36489974,0
36498839,1
36520071,0
36524647,0
36553484,0
36556810,0
36565639,0
36590715,0
36695745,0
36697524,0
36704271,0
36708954,0
36727967,0
36762719,0
36769705,0
36791587,0
36799348,0
36814476,0
36816659,0
36848743,0
36879489,0
36898192,1
36900955,1
36921426,1
36930102,0
36984086,0
37034137,0
37060231,0
37070023,0
37113894,0
37118787,0
37130173,0
37133228,0
37165192,0
37224316,0
37249469,0
37261229,0
37266359,0
37269766,0
37285527,0
37299833,0
37321168,0
37328681,0
37330651,0
37337021,0
37343749,0
37390933,0
37402508,1
37429063,0
37457768,0
37459992,0
37494081,1
37507195,0
37538042,1
37540409,0
37554474,0
37575305,0
37622061,0
37638870,0
37656469,0
37669961,0
37703203,0
37713647,0
37767727,0
37767977,0
37833185,0
37861656,0
37866097,1
37872388,0
37883757,0
37888241,0
37914780,0
37919477,0
37956396,0
37985807,0
37998614,0
37999100,0
38000438,0
38008051,0
38014942,0
38020782,0
38023881,0
38063357,0
38072926,0
38078716,0
38127959,1
38128906,0
38141048,0
38152598,0
38174811,0
38190322,0
38217795,0
38229301,0
38235758,0
38276732,0
38296178,0
38308229,0
38331865,0
38336118,0
38347105,0
38366566,0
38395071,0
38431899,0
38434075,0
38440960,0
38452299,0
38465286,0
38476382,0
38477614,0
38480062,0
38499406,0
38563632,0
38569871,0
38574300,0
38576462,0
38629836,0
38630468,0
38641090,0
38659658,0
38659872,0
38662710,0
38664290,0
38678893,0
38694288,0
38740486,0
38783093,0
38820953,0
38823330,0
38899097,1
38930394,0
38943943,0
39025209,0
39056044,0
39064897,0
39088145,0
39099491,0
39121577,0
39197760,0
39213175,1
39233096,0
39269413,0
39291846,0
39334891,0
39358007,0
39386936,1
39388272,0
39407834,0
39422065,0
39424497,1
39476696,0
39477910,0
39511906,0
39544879,0
39566140,0
39580505,0
39585236,0
39641828,0
39668732,0
39698108,1
39709637,0
39720767,0
39742137,0
39742269,0
39750107,0
39754889,0
39780778,0
39790106,0
39801475,0
39831037,0
39862493,0
39910083,1
39922979,0
39942973,0
39950434,0
39982182,0
39993690,0
40005496,0
40006556,0
40016513,0
40018092,0
40029792,0
40038817,0
40041795,0
40049020,0
40109122,1
40148661,0
40149898,0
40169387,0
40202870,0
40241658,0
40281825,0
40299720,0
40303365,0
40322443,0
40325183,0
40329310,1
40341229,0
40363742,0
40385248,0
40406137,0
40418848,0
40420824,0
40442685,1
40446483,0
40471456,0
40476444,0
40496713,1
40563543,0
40583648,0
40647689,0
40692997,0
40719914,0
40746984,0
40760278,0
40764827,0
40778878,0
40833536,0
40857974,0
40860073,0
40867199,0
40869640,0
40875793,0
40876360,0
40896051,0
40897948,0
40897956,0
40903968,0
40941978,0
40993911,0
41038477,0
41040616,0
41055686,0
41092683,0
41102831,0
41145529,0
41195771,0
41295265,0
41296594,0
41327376,0
41341377,0
41351000,1
41362714,1
41372548,0
41389504,0
41409434,0
41464880,1
41479528,0
41481449,0
41500253,0
41501194,1
41535586,0
41554246,1
41559393,0
41578363,0
41579687,1
41586982,1
41640178,0
41664484,0
41690012,0
41698990,0
41709977,0
41751237,0
41776109,0
41794200,0
41795652,0
41800699,0
41802033,0
41818896,0
41848439,0
41883123,0
41897244,0
41906063,0
41979725,0
41992709,0
41994216,1
42017548,0
42024542,0
42072627,0
42080985,0
42116649,0
42120046,0
42171522,0
42200448,0
42212282,0
42224738,0
42243112,0
42289140,0
42325898,0
42332177,0
42336348,0
42377372,1
42389662,1
42392677,0
42401252,0
42432111,0
42434914,0
42437132,1
42456089,0
42486915,0
42497610,0
42525827,0
42530651,0
42535530,0
42569250,0
42608796,0
42664153,0
42675677,0
42684508,1
42690878,0
42707334,0
42739747,0
42760572,0
42770948,0
42786089,0
42831512,0
42875298,0
42907328,0
42912693,0
42922051,0
42974764,0
43007878,0
43029897,1
43033204,1
43033955,1
43052540,0
43053910,0
43067024,0
43071651,0
43096668,0
43101875,1
43116642,0
43176407,1
43185890,0
43206092,0
43229505,0
43242574,0
43251285,0
43256508,0
43260946,0
43265886,0
43302228,0
43302799,0
43308316,0
43344193,0
43348186,0
43349067,0
43351675,0
43360043,0
43366434,0
43404829,0
43412265,0
43443535,0
43449732,0
43455017,0
43455814,0
43486303,0
43500206,1
43507822,1
43508690,0
43518637,0
43541721,0
43574809,0
43575244,0
43623805,0
43643719,0
43651699,0
43658991,0
43683025,0
43696721,1
43700781,0
43724217,0
43791698,0
43806499,0
43827517,0
43828837,0
43843716,0
43870947,0
43878812,0
43883429,0
43897644,0
43919872,0
43929601,0
43932234,0
43964619,0
43975042,0
43982191,0
43989449,0
44004813,1
44032891,0
44048507,0
44053052,0
44078314,0
44088098,0
44088375,0
44088384,0
44091544,0
44119057,1
44183268,0
44204720,0
44218140,0
44259216,0
44287411,0
44293931,1
44295002,0
44296916,0
44326515,0
44351953,0
44365751,0
44382865,1
44401058,1
44423593,0
44428883,0
44464347,0
44542783,0
44553308,0
44560695,0
44583702,0
44587183,0
44594420,0
44604160,0
44622509,0
44628576,0
44690429,0
44696034,0
44752593,1
44768876,0
44791464,0
44852232,0
44859584,0
44900560,0
44917685,0
44922676,0
44931694,1
44932135,0
44934829,0
44940747,0
44942399,0
44955469,0
44955517,0
44995389,1
44995621,0
45009124,0
45037000,0
45041246,0
45060165,0
45121979,0
45181879,0
45188066,0
45202948,0
45217783,0
45237435,0
45256701,0
45269280,0
45281202,0
45283736,0
45300692,0
45303695,0
45328868,0
45329741,0
45346957,0
45358721,0
45368372,0
45457304,0
45475994,0
45481471,0
45488797,0
45489317,0
45531777,0
45551635,0
45556066,0
45640177,1
45675076,0
45684141,0
45688727,0
45690356,0
45727451,0
45730545,0
45745699,0
45800537,0
45816630,0
45822742,0
45838092,1
45840984,0
45841105,0
45865641,0
45875722,0
45876270,0
45906847,0
45957566,0
45978067,0
46020307,0
46033411,1
46047767,1
46048610,0
46064837,0
46064978,1
46092218,0
46151170,0
46159044,0
46172099,0
46179187,0
46243117,1
46282626,0
46308211,0
46313874,0
46331364,0
46340611,1
46347377,0
46361357,0
46385661,0
46386788,0
46387507,0
46390311,0
46396122,0
46418418,0
46468999,0
46476159,0
46484836,0
46511538,1
46511587,0
46538741,0
46554016,0
46563452,0
46630419,0
46647554,0
46663726,1
46708374,1
46725179,0
46735716,0
46761557,1
46770712,0
46786916,1
46793865,0
46798710,0
46830405,0
46863427,0
46878261,0
46880229,0
46884656,0
46889673,0
46919754,0
46991916,0
47012279,0
47033760,0
47045717,1
47047038,0
47077439,0
47182423,0
47182551,1
47199872,0
47208859,0
47215767,0
47237364,0
47242901,0
47253685,0
47260073,0
47294971,0
47297774,0
47303498,0
47343094,0
47398853,0
47401306,0
47405170,0
47420127,0
47429724,0
47431960,0
47452606,0
47458170,0
47460277,0
47505838,0
47507075,0
47510889,0
47529255,0
47531480,0
47539076,0
47558367,1
47580540,0
47585411,1
47591281,0
47617820,0
47618093,0
47626922,0
47659651,0
47675350,0
47683934,1
47690924,0
47702269,0
47709173,1
47730674,0
47745816,0
47790040,0
47866758,0
47888964,0
47894523,1
47913926,0
47919936,0
47948323,0
47977227,0
47984837,0
48014778,0
48022224,0
48027333,0
48034133,0
48037350,0
48042305,0
48044501,0
48045562,0
48069528,0
48079852,0
48102870,0
48127702,0
48145544,0
48157416,0
48179033,0
48217732,0
48221039,0
48252879,1
48259488,1
48334029,0
48347209,0
48357101,0
48363677,0
48427972,0
48531199,0
48559423,0
48571224,0
48577741,0
48599675,0
48621337,0
48623161,0
48634878,0
48637399,0
48641542,0
48648367,0
48667873,0
48668932,0
48702244,0
48718461,0
48723688,0
48724773,0
48725235,1
48726165,0
48730547,1
48784192,0
48797329,0
48799877,0
48800250,1
48804580,0
48811267,0
48845632,0
48850599,0
48878941,0
48883897,0
48886534,0
48951086,0
48996052,1
49021415,0
49022988,0
49078377,0
49105790,0
49152932,0
49167689,0
49196794,0
49206295,0
49231161,0
49240965,0
49242678,0
49271101,1
49281309,0
49290500,0
49329354,0
49340482,0
49362248,0
49372598,0
49373366,0
49380983,0
49389392,0
49405165,1
49418321,0
49487047,0
49492671,0
49496679,1
49506181,0
49509319,0
49518359,0
49518575,0
49539156,1
49562494,0
49576911,0
49597225,0
49615907,0
49639606,0
49677053,0
49709568,0
49717256,0
49720345,0
49741899,1
49750376,0
49771679,0
49794922,1
49858273,0
49870580,0
49915263,0
49942465,0
49958445,0
49962249,0
49968413,0
49986719,0
49993127,0
49993592,1
50015643,1
50022247,0
50023400,0
50028255,0
50040654,0
50070901,1
50092461,0
50104663,0
50122338,0
50136440,0
50154148,0
50158798,0
50175415,0
50241887,0
50243703,0
50244171,1
50244470,0
50259545,0
50264143,0
50277446,0
50279359,0
50289421,0
50303274,0
50315509,1
50326299,0
50359023,0
50365816,1
50386106,0
50390128,0
50415893,0
50417461,0
50422915,0
50448070,0
50461632,0
50493616,0
50510898,0
50511640,0
50528186,0
50533312,0
50538296,0
50538728,0
50554471,0
50555760,0
50567148,0
50671899,0
50679080,0
50684412,0
50704213,1
50705044,0
50711288,0
50718965,0
50724055,0
50739842,0
50759166,0
50771503,0
50789451,0
50833993,0
50843568,0
50849907,0
50855985,1
50882690,1
50888959,0
50889874,0
50900295,0
50923536,0
50969081,1
50982806,0
50992468,0
51006881,0
51039410,0
51044634,0
51064995,0
51085817,0
51090065,0
51103454,0
51139384,0
51157046,0
51163297,0
51168843,0
51180296,0
51215287,0
51220102,0
51256781,0
51263548,0
51303646,0
51339523,1
51397989,1
51412004,1
51422935,0
51452944,0
51474923,0
51487688,0
51498902,0
51538727,0
51552533,0
51560261,0
51572687,0
51614070,0
51643104,0
51647659,0
51664438,0
51724285,0
51725812,0
51735819,0
51748251,0
51774933,0
51814792,0
51817116,0
51833821,0
51843774,0
51856663,1
51864889,0
51872992,0
51875451,0
51878854,0
51884070,0
51895042,0
51895963,1
51901429,0
51927782,0
51942992,0
51963748,0
51985818,0
51988903,0
52016848,0
52021500,0
52038671,0
52052397,0
52108186,0
52124246,0
52128818,0
52154009,0
52163529,0
52164555,0
52171969,1
52180965,0
52195622,0
52223553,0
52230779,0
52247298,0
52252570,0
52268847,0
52270651,0
52285155,1
52294363,1
52308291,0
52318836,0
52334144,0
52337059,0
52338784,0
52362852,0
52427673,1
52432207,0
52465375,0
52467400,1
52487964,0
52533265,0
52539658,0
52546896,0
52551939,0
52590365,0
52632493,0
52654848,0
52693772,0
52704417,0
52711362,1
52713844,1
52728930,0
52751137,0
52807209,0
52818979,1
52844931,0
52887630,1
52915719,0
52918197,0
52920203,1
52920482,0
52959712,0
52986979,0
53004082,0
53022588,0
53025414,0
53030387,1
53041557,0
53046721,0
53054428,0
53060235,1
53104046,0
53106121,0
53142960,0
53150360,0
53182388,0
53187174,1
53210164,0
53220790,0
53226618,0
53233866,0
53267005,1
53270984,0
53324956,0
53347441,1
53420538,0
53456506,0
53469193,0
53496127,0
53498270,0
53500246,0
53532724,0
53534105,0
53543301,0
53576335,0
53581715,0
53598146,0
53600109,0
53615144,0
53633857,0
53634052,0
53671196,0
53744082,0
53767310,0
53767431,0
53768883,0
53840713,0
53865896,0
53870729,0
53871480,0
53871501,0
53876052,0
53902034,0
53903047,0
53939059,0
53966407,0
53983169,0
54020236,0
54039350,0
54050977,0
54060106,0
54075206,0
54102818,0
54135312,0
54159798,0
54170100,0
54178920,0
54183771,0
54198385,0
54204552,0
54213419,0
54222740,0
54237847,0
54239540,0
54242677,0
54251939,0
54254824,0
54260975,0
54277873,0
54291057,0
54301346,1
54317229,0
54318066,0
54323687,0
54339216,0
54342445,0
54378661,0
54382764,0
54415271,0
54422497,0
54472534,0
54547823,0
54564944,1
54572877,0
54575195,0
54587970,0
54638943,0
54651422,0
54670859,0
54671473,0
54698115,0
54715165,0
54717962,0
54725127,0
54788445,0
54788769,0
54788820,0
54792716,0
54853764,0
54900499,0
54934297,0
54943645,0
54952605,1
54952697,0
54967647,0
55033313,0
55049874,1
55060258,0
55067717,1
55111481,0
55175651,0
55183007,0
55220894,0
55231907,0
55263565,0
55295382,0
55314407,0
55317106,0
55326457,0
55330877,0
55332211,0
55334976,0
55340940,0
55352980,0
55383033,0
55421143,0
55481862,0
55486042,1
55487707,0
55498726,0
55499325,0
55508026,0
55510702,0
55531429,0
55553516,0
55577532,0
55581959,0
55596840,0
55640098,0
55646284,0
55648803,0
55688123,0
55718584,1
55727321,0
55801242,0
55806700,0
55814783,0
55833426,0
55876330,0
55903621,0
55950133,0
55956813,0
55957684,0
55960982,0
55964982,0
55965186,1
56040585,0
56068657,0
56130677,0
56163361,0
56163625,0
56171025,0
56194467,0
56208169,0
56217082,1
56235210,0
56246867,0
56255167,0
56256199,1
56256866,0
56260956,0
56274116,0
56305209,0
56324480,0
56348875,0
56355950,0
56359285,0
56362626,0
56379920,0
56397701,0
56410819,0
56418458,0
56429088,0
56475613,0
56529513,0
56564237,0
56567993,1
56577231,0
56593871,0
56633839,0
56634696,0
56657132,0
56704684,0
56716783,0
56724927,0
56753255,0
56828362,0
56834048,1
56866469,0
56876284,0
56882507,0
56911080,0
56915240,0
56936565,0
56936670,0
56938637,1
56966947,0
56973969,0
56976108,0
56990028,1
56991184,1
57045876,1
57111840,0
57134050,0
57136416,0
57144079,1
57155809,0
57156936,0
57179699,0
57194839,0
57218957,1
57225056,0
57279912,0
57281347,0
57289585,0
57304125,0
57306866,0
57317773,0
57359462,0
57375830,0
57387682,0
57387836,0
57388599,0
57419006,1
57431567,0
57445668,0
57459909,0
57490067,0
57522026,0
57533611,0
57558208,0
57667764,0
57672624,0
57676142,1
57692926,1
57693883,0
57696578,0
57698011,0
57704018,0
57705313,0
57718720,0
57728796,0
57760894,0
57779763,0
57792287,0
57795299,0
57799571,1
57804526,0
57821395,0
57826542,0
57849033,0
57857875,0
57858072,0
57886111,0
57914670,0
57919768,0
57925394,0
57953970,0
57956596,0
57966575,0
57989074,0
58012131,0
58018651,0
58022918,0
58024792,0
58055085,0
58095082,0
58105879,0
58159497,1
58174767,0
58191099,0
58191497,0
58263676,0
58270859,0
58331978,0
58349379,0
58362249,0
58380485,0
58397652,1
58412697,0
58412730,0
58415730,0
58432388,0
58434786,0
58452513,0
58458206,0
58458848,0
58480790,0
58503774,0
58512359,0
58515554,0
58543977,0
58555242,1
58564586,0
58646599,0
58671620,0
58674269,0
58717524,0
58751096,0
58752463,0
58769051,0
58800820,0
58839703,0
58847890,1
58864960,0
58877508,1
58880782,1
58918873,0
58925938,0
58935503,0
58967769,0
58967927,0
58984822,0
58994892,0
59011966,0
59020793,0
59028067,0
59033230,1
59061166,0
59080907,1
59090336,0
59100827,0
59178451,0
59199712,0
59205083,0
59229459,0
59264230,0
59286204,0
59312799,0
59314382,0
59316914,0
59351723,0
59354420,1
59369664,0
59373207,0
59383369,1
59395690,0
59399482,0
59425000,0
59444714,0
59462323,0
59507598,1
59511606,1
59517038,0
59522415,0
59534960,0
59563864,0
59571703,1
59610417,0
59618632,0
59623210,0
59640537,0
59655260,0
59660376,0
59698598,0
59706926,0
59708935,0
59714126,0
59721038,0
59729914,0
59754603,0
59759935,0
59774600,0
59775868,0
59789741,0
59809996,0
59828572,0
59874114,0
59880736,0
59920622,1
59949184,0
60011333,0
60013905,0
60051902,0
60052114,0
60055746,1
60080754,0
60102996,0
60107189,0
60251284,0
60261314,0
60261332,0
60262639,0
60275560,1
60299766,0
60352374,0
60451820,0
60455481,0
60478514,0
60507607,0
60520621,0
60521655,1
60566411,0
60572558,0
60578432,0
60594800,0
60595997,0
60619731,0
60629823,0
60646453,0
60651022,0
60666822,0
60682212,0
60682293,0
60687184,0
60690382,0
60691951,0
60700043,0
60705884,0
60708624,0
60730596,0
60740353,1
60745859,0
60765954,0
60768675,1
60782423,0
60814352,0
60840982,0
60846309,0
60927643,0
60929503,1
60947755,0
60962411,0
60984349,0
60996599,1
61021389,0
61028062,0
61043807,0
61051028,0
61077299,0
61084638,0
61088841,0
61095842,0
61096923,0
61147938,0
61154474,0
61156613,0
61165720,1
61180363,0
61191899,0
61201453,0
61214499,1
61233383,1
61258319,0
61262851,0
61267781,0
61322929,0
61400345,1
61425274,0
61426908,0
61435464,0
61474257,0
61476971,1
61478356,0
61486294,0
61487973,0
61491992,0
61492497,1
61508392,1
61520197,0
61550148,0
61556266,0
61600722,0
61605625,0
61607230,0
61608279,0
61651583,1
61693300,0
61705153,1
61723807,0
61725768,0
61729895,0
61733762,0
61759750,0
61773212,0
61783054,0
61801912,0
61820424,0
61827759,0
61830510,0
61846429,0
61855566,0
61867037,0
61963941,0
61965479,0
61979209,0
62018683,0
62021326,0
62035882,0
62056589,0
62058483,0
62063574,0
62065520,0
62067279,0
62091637,0
62176111,1
62190668,0
62194219,0
62195497,0
62203809,1
62212972,0
62219507,0
62242425,1
62255668,0
62279728,0
62290562,0
62293623,0
62331358,0
62333573,0
62409696,0
62417069,0
62423993,0
62461320,0
62468021,0
62469811,0
62480533,0
62519269,0
62521095,0
62526324,0
62545703,1
62546695,0
62558419,0
62558908,0
62560797,1
62618441,0
62667006,0
62674003,0
62686064,0
62689626,1
62696744,0
62705327,0
62711325,0
62712543,0
62720650,0
62732043,0
62747767,0
62765622,0
62765992,0
62788206,0
62792997,0
62844318,0
62845748,0
62866480,0
62869333,0
62873862,0
62894151,1
62894522,0
62926431,0
62949120,1
62949306,0
62952110,1
62953238,1
62980143,0
62992339,0
63029910,0
63031921,1
63047782,0
63079592,0
63103007,0
63154424,0
63164367,0
63177016,0
63208040,0
63230993,1
63239624,0
63258001,0
63264391,0
63272651,1
63273904,1
63279758,0
63312777,0
63340323,0
63358769,0
63387226,0
63447496,0
63455405,0
63489632,1
63496046,0
63502040,0
63511422,0
63580579,0
63629673,0
63641040,0
63650300,1
63658926,0
63662657,1
63696874,0
63753607,0
63765513,0
63780637,0
63794355,0
63803387,0
63820085,0
63822647,0
63851127,0
63885141,0
63890219,0
63911015,0
63918560,0
63935988,1
63938662,0
63942901,1
63945144,0
63945295,0
63990830,0
64022197,1
64137546,1
64144382,0
64148109,0
64150380,0
64152626,0
64182959,1
64199511,1
64233541,0
64282471,0
64300411,0
64317832,0
64392693,0
64405111,0
64406500,0
64462169,0
64526583,0
64537633,0
64573023,0
64578784,0
64586546,0
64588883,0
64596080,0
64609547,0
64626015,0
64633957,0
64640178,0
64662732,0
64700778,0
64731476,0
64780628,0
64834605,1
64860596,0
64879113,0
64879269,0
64885395,0
64887111,0
64896492,0
64896820,0
64899203,0
64910612,1
64912069,1
64943783,0
64954784,0
64957004,0
64989812,0
65000286,1
65028760,0
65039403,0
65065700,0
65071205,0
65076135,0
65079993,0
65106673,0
65113169,0
65116177,1
65118937,0
65195660,0
65207653,0
65216043,0
65225806,0
65262260,0
65272018,0
65284556,1
65285967,0
65287802,0
65309353,0
65343414,0
65372062,0
65372407,0
65378626,0
65478182,0
65479181,0
65487779,0
65519330,1
65541015,0
65570423,0
65591421,0
65592963,0
65651223,0
65714716,0
65726485,0
65784395,0
65821292,0
65824453,0
65826288,0
65837675,1
65847992,0
65876173,0
65890194,0
65898264,0
65931542,0
65934421,0
65941988,0
65949427,0
65967738,0
65988962,1
66001331,0
66005238,0
66046584,0
66054103,0
66054613,0
66111871,0
66126383,0
66127544,0
66155605,0
66161191,0
66167759,0
66197189,0
66221183,1
66251867,0
66259910,0
66259975,0
66283533,0
66284864,0
66341616,0
66368681,0
66374002,0
66377942,1
66385888,0
66386610,0
66391640,0
66405094,0
66408257,1
66412577,0
66432571,0
66438963,0
66441893,0
66446816,0
66459830,1
66508875,0
66513810,0
66521568,0
66537758,1
66550353,0
66559016,0
66579709,0
66606264,0
66637782,0
66639060,0
66653839,0
66655372,0
66680041,1
66691823,0
66692551,0
66692879,0
66706042,0
66712111,0
66771105,0
66780877,0
66782430,0
66796538,0
66806135,0
66807938,1
66815022,0
66839427,0
66839939,0
66854190,0
66878432,0
66902744,0
66929747,0
66933413,0
66947216,0
66956456,0
66973985,0
66994256,0
67012357,0
67019902,0
67084606,0
67085779,0
67097954,0
67110702,0
67113156,0
67162018,1
67178323,0
67179343,0
67185780,0
67197114,0
67220870,0
67249148,0
67253200,0
67257577,0
67266577,0
67279512,0
67293022,0
67320556,1
67382134,0
67415756,0
67443753,0
67479122,0
67483188,0
67484313,0
67494856,1
67499533,0
67541090,0
67607515,0
67627983,1
67639701,0
67640867,1
67653454,0
67653838,0
67679225,0
67721902,1
67745337,0
67762997,0
67767993,0
67774174,0
67775812,0
67786245,0
67789341,0
67791832,0
67809277,1
67811037,0
67820987,0
67824109,0
67832424,1
67867720,0
67871912,0
67875141,0
67895673,0
67912143,0
67915455,1
67931664,0
67983418,0
68005308,1
68022468,1
68046964,0
68095940,0
68100953,0
68118072,0
68119076,0
68119162,0
68135865,0
68145665,0
68160400,0
68170271,0
68170978,0
68178855,0
68213586,0
68241474,0
68245915,0
68263707,0
68271835,0
68339067,0
68367692,0
68368307,0
68375319,0
68379319,0
68382814,1
68395411,0
68402810,0
68417127,0
68430020,0
68456520,1
68472291,0
68479075,0
68502270,0
68502295,0
68595017,0
68618118,0
68634969,0
68696496,0
68705404,0
68711935,0
68712033,0
68715122,0
68735940,0
68744599,0
68763231,0
68763273,0
68779920,1
68788926,0
68829707,0
68831056,0
68836398,0
68837025,0
68843429,0
68844508,0
68871895,0
68886141,0
68898977,1
68901988,0
68908346,0
68914136,0
68917319,0
68930784,0
68946384,0
68957936,0
68975829,1
68982285,0
68989063,0
68998986,0
69003332,0
69030805,0
69072596,0
69087031,0
69091708,0
69097120,0
69113105,1
69116545,0
69156742,0
69158271,0
69160254,0
69164900,0
69173213,0
69177242,0
69184045,0
69188353,1
69194581,0
69210069,1
69212614,0
69217078,0
69233083,0
69262241,0
69282750,0
69311320,0
69338629,0
69379901,0
69384424,0
69407766,0
69410008,0
69414500,0
69422866,0
69423386,0
69424230,0
69427534,0
69431075,0
69435006,0
69482934,0
69486156,0
69486905,0
69500843,0
69519302,0
69525670,0
69545953,0
69576116,0
69591217,0
69608881,0
69628241,0
69632664,0
69682401,0
69723266,0
69743508,0
69750641,0
69774047,0
69774726,0
69818896,0
69819356,0
69819562,0
69851189,0
69852553,0
69853659,0
69855054,0
69866997,0
69880084,0
69897067,0
69919045,0
69931619,0
69960249,1
69983374,0
69985046,0
70009722,0
70011414,0
70022496,0
70050019,0
70053002,0
70071751,0
70094131,0
70111962,0
70131624,0
70132216,0
70149537,0
70177523,0
70181094,0
70221870,0
70223302,0
70245842,0
70255118,1
70255702,0
70259489,0
70266188,0
70269194,0
70276817,0
70293040,1
70305255,0
70393206,0
70403504,1
70443868,1
70450770,0
70453144,0
70481454,0
70496045,0
70536205,0
70611824,0
70627537,0
70649750,0
70676031,0
70679098,0
70691249,0
70706044,0
70711092,0
70734433,0
70738943,0
70771161,0
70785760,0
70804500,0
70807588,0
70815225,0
70836864,0
70842808,0
70844807,0
70868631,0
70876633,0
70887511,0
70903766,0
70955550,0
70965439,1
70976390,1
70999128,0
71000804,0
71003537,0
71011779,0
71028711,0
71052649,0
71056612,0
71075769,0
71097371,0
71124809,0
71129621,0
71132128,1
71132573,0
71148297,0
71156963,0
71172845,0
71182569,0
71219986,0
71223043,0
71255275,0
71295159,0
71295573,0
71297465,0
71304809,0
71305734,0
71309434,0
71310581,0
71359945,0
71388399,0
71424379,0
71438104,0
71438653,1
71442043,0
71472576,0
71478073,0
71479458,0
71484050,0
71494474,1
71515001,0
71549602,0
71583280,0
71585434,1
71594251,0
71602958,0
71610656,1
71646882,0
71652747,1
71693785,1
71722178,0
71725713,0
71729380,0
71740249,0
71760164,0
71800865,0
71809750,0
71897508,0
71967553,1
71992767,1
72020832,0
72068764,0
72074537,0
72094771,0
72124602,0
72150216,0
72170469,0
72173017,0
72198033,0
72210496,0
72257092,0
72272061,0
72280861,0
72305748,0
72306089,0
72349623,0
72350037,0
72351534,0
72395914,0
72416529,0
72417930,0
72465852,0
72475606,0
72491738,0
72520867,0
72542308,0
72578729,0
72581676,0
72617223,0
72638988,0
72665850,0
72672059,0
72709824,0
72767731,0
72811648,1
72835841,0
72839418,0
72841721,0
72849521,0
72849824,0
72861788,0
72899637,0
72964603,1
72966581,0
72971019,0
72980464,0
72981855,0
73024899,0
73048124,0
73122037,0
73141435,1
73190502,0
73216986,1
73244147,0
73249115,0
73275482,1
73286409,1
73298263,0
73361863,0
73362946,0
73371518,0
73422581,0
73476198,0
73485330,0
73485837,0
73521226,0
73535744,0
73591077,0
73597202,0
73608978,0
73617964,0
73650512,0
73660883,0
73663449,1
73671098,1
73678342,0
73683144,0
73713083,0
73726134,0
73790756,0
73806773,0
73816808,0
73849150,0
73872256,0
73872381,1
73934004,0
73934242,0
73937380,1
73978536,0
74078757,0
74080223,0
74087053,0
74167347,0
74170131,0
74200843,0
74219918,0
74229504,0
74244561,0
74259454,0
74259657,0
74280544,0
74302032,0
74308671,0
74318186,0
74325055,0
74346272,0
74350662,0
74373668,0
74377151,0
74400961,0
74415734,1
74416472,0
74422340,0
74434006,0
74472760,0
74477184,1
74487713,0
74493125,0
74511726,0
74535219,0
74547573,0
74557021,0
74561264,0
74586179,0
74601577,0
74622150,0
74670452,0
74672877,1
74706250,0
74724974,0
74739087,0
74782533,0
74788970,0
74818932,1
74823515,0
74834871,0
74841280,0
74859965,1
74869129,0
74882109,0
74885433,0
74888128,0
74900467,0
74902336,0
74908236,0
74922595,0
74935567,0
74941028,0
74993908,0
75018500,0
75030693,0
75062489,0
75083548,0
75094329,0
75112022,0
75135775,1
75152631,0
75184144,1
75232682,0
75239101,1
75247895,1
75265299,0
75280625,0
75291508,1
75294753,0
75320667,0
75331836,0
75332597,1
75436701,0
75513986,0
75557297,0
75565015,1
75577029,0
75626333,1
75642138,0
75654279,0
75702250,0
75725495,0
75732623,0
75745243,0
75758032,0
75771625,0
75782090,0
75804613,0
75840955,0
75872015,0
75884389,0
75884575,0
75928515,0
75928889,0
75932477,0
75966620,0
75969360,0
75981645,0
76015200,0
76031001,0
76071264,0
76078970,0
76135757,0
76143904,0
76148767,0
76149971,0
76157346,0
76175773,0
76180051,0
76197720,0
76224160,0
76227461,1
76255884,0
76276894,0
76290052,0
76293085,0
76296911,0
76309530,1
76319045,0
76323092,0
76342122,0
76370825,0
76373441,1
76396585,0
76425952,0
76483296,0
76484647,0
76485369,0
76535973,0
76552211,0
76572844,0
76585283,0
76609018,0
76627179,0
76631097,0
76637977,0
76653183,1
76695269,0
76724746,0
76726840,0
76729131,0
76744566,0
76745264,0
76784284,0
76798138,0
76824124,0
76878189,0
76894502,0
76894644,0
76951372,1
76960102,0
76985075,1
76994460,0
77000826,0
77022131,0
77027045,0
77120891,0
77138278,1
77158624,0
77189596,0
77217372,0
77225089,0
77244199,0
77250893,0
77264805,0
77294326,0
77310318,1
77342468,0
77345402,0
77373457,0
77382014,0
77387014,0
77390614,0
77392491,0
77401638,0
77406171,0
77414546,0
77433317,0
77467903,1
77478864,0
77493872,0
77504486,0
77527844,0
77534591,0
77562323,1
77623937,0
77638362,0
77640260,0
77659887,0
77692727,1
77731131,0
77733397,0
77764947,0
77769847,0
77890116,0
77915571,0
77919682,0
77929053,0
77946509,0
77962723,1
77965135,0
77988158,1
78004734,0
78016815,1
78041970,0
78056345,0
78059616,0
78060005,0
78060202,0
78074842,0
78074886,0
78086677,0
78115734,0
78120834,1
78135576,0
78142787,0
78143198,0
78146759,0
78151090,0
78189606,0
78191111,0
78214792,0
78231048,0
78245337,0
78249829,0
78290513,0
78338429,0
78343889,1
78397485,1
78442128,1
78509549,1
78516022,0
78524507,0
78531301,1
78534502,0
78543536,0
78588542,1
78601383,0
78609927,0
78632151,0
78651337,0
78687935,0
78696148,0
78699542,0
78699945,0
78715506,0
78735153,1
78769485,0
78771917,0
78784144,0
78838958,0
78840598,0
78882281,0
78891230,0
78910742,0
78920870,0
78926181,1
78928254,0
78929525,0
78945336,0
78946008,0
78968644,0
78972485,1
78972674,0
78973765,0
79014308,0
79019728,0
79020294,0
79027761,1
79033830,0
79050134,0
79067856,0
79078279,0
79080765,0
79091719,0
79094523,0
79097835,0
79100984,0
79129021,0
79151447,0
79154887,0
79185516,0
79257150,0
79266602,1
79292995,0
79336481,0
79340157,0
79343763,1
79386498,1
79394443,0
79406967,0
79411101,1
79417844,0
79434218,0
79460995,0
79475734,1
79503709,1
79507631,0
79508235,0
79509821,1
79525037,1
79535124,0
79545193,0
79547704,0
79548877,0
79560247,0
79618076,0
79656101,0
79656944,0
79663593,0
79673829,0
79686083,1
79693681,1
79700210,0
79718998,0
79721416,0
79731275,0
79743816,0
79753190,1
79768756,0
79772876,0
79781002,0
79829118,0
79829307,0
79856021,1
79863267,0
79898183,0
79944820,0
79949352,0
79986586,1
79991799,0
80000740,0
80003630,0
80018462,0
80030297,0
80036435,1
80036968,0
80078991,0
80097791,0
80126136,0
80149177,0
80156603,0
80219515,0
80227153,0
80228441,0
80257444,0
80260050,0
80273187,0
80288822,1
80323853,0
80350601,0
80357582,0
80404944,0
80442678,1
80457800,0
80479813,0
80481511,0
80486578,0
80503782,0
80520573,0
80528800,0
80532555,0
80550799,0
80554842,0
80577936,1
80593292,0
80608255,0
80621110,1
80634018,0
80639623,0
80641463,0
80643755,0
80648452,0
80652578,0
80657098,0
80709702,0
80767364,0
80773037,0
80774707,0
80777171,0
80788052,0
80799043,0
80813684,0
80825712,0
80846785,0
80898714,0
80912446,0
80918369,0
80985576,0
81019677,0
81024402,0
81033162,0
81044200,0
81052875,0
81058411,0
81059548,0
81069266,0
81079205,0
81103402,0
81107117,0
81108258,0
81116147,0
81122225,0
81124295,0
81229400,0
81263616,0
81309914,0
81320270,0
81328527,1
81344547,1
81356653,1
81361485,0
81362986,0
81375603,1
81395117,0
81406937,0
81425571,1
81430032,0
81438152,1
81456942,0
81458839,0
81466753,0
81467417,0
81470959,1
81515147,1
81532217,0
81532585,0
81533411,0
81557228,0
81559146,0
81570603,1
81571693,0
81585158,0
81586796,0
81607414,0
81632040,0
81646426,0
81648450,0
81663496,0
81681144,0
81714080,0
81714142,0
81748918,0
81793348,0
81794543,0
81814430,0
81823257,0
81827080,0
81919645,0
81924360,0
81936787,0
81940085,0
81958100,0
81978525,0
81988398,0
82061754,0
82064442,0
82074423,0
82081411,0
82161179,1
82167186,0
82184997,0
82192023,1
82212137,0
82224334,0
82252791,0
82264389,0
82267151,0
82267378,1
82269357,0
82311258,0
82320167,0
82322830,0
82324932,0
82326978,0
82327368,0
82341136,0
82381561,0
82422425,1
82428143,0
82441861,0
82511394,0
82530439,1
82544495,0
82572395,0
82576700,0
82612822,0
82616009,0
82643740,0
82667426,0
82682405,0
82682741,1
82703328,0
82706269,0
82716394,0
82719420,0
82757910,0
82793367,0
82818291,0
82824950,0
82837590,0
82850777,0
82859102,0
82888408,0
82891795,0
82892644,0
82895002,0
82923038,0
82955159,0
82959008,0
82960179,0
82973742,0
83011919,0
83013177,0
83013203,0
83014567,0
83024547,0
83046421,0
83048215,0
83051649,0
83068288,0
83068907,0
83071163,0
83079200,0
83094050,0
83143755,0
83151045,0
83153001,0
83160972,0
83178126,0
83189067,0
83209308,0
83236990,0
83259036,0
83268738,0
83289223,0
83300169,0
83307621,0
83312895,0
83368861,0
83378482,0
83430886,1
83431297,0
83445290,0
83485777,0
83527393,0
83532503,0
83572138,0
83587787,0
83622123,0
83642811,0
83653845,0
83722863,0
83743932,0
83797295,0
83818604,0
83864795,0
83869000,0
83889179,0
83896825,0
83899588,0
83920310,0
83922991,0
83931239,0
83951510,0
83976996,0
83990893,0
84025972,0
84065016,0
84078803,0
84111753,1
84120498,0
84144720,1
84171371,1
84197958,1
84200269,0
84209346,0
84245817,0
84275315,0
84290993,1
84313809,0
84330359,0
84333032,0
84351290,0
84352266,0
84393908,0
84421665,0
84423157,0
84425572,1
84434869,0
84465067,0
84502527,0
84510797,0
84514828,1
84565361,0
84578454,0
84623445,0
84625947,0
84642842,0
84734372,1
84755003,0
84780747,1
84791525,0
84825907,0
84831965,0
84861605,0
84866738,0
84893573,0
84905578,1
84940338,0
84971009,0
85034654,0
85093054,0
85127335,0
85130029,0
85187275,0
85229578,0
85237506,0
85238195,0
85251850,0
85259306,0
85286946,0
85407940,0
85445313,0
85454157,0
85467651,0
85470158,0
85487958,0
85489697,0
85509956,0
85527309,0
85588894,0
85631813,0
85647842,0
85659351,1
85673986,0
85679842,0
85680361,0
85699224,0
85731976,0
85733804,1
85738357,0
85740314,0
85765520,0
85781258,0
85791489,0
85797545,1
85806970,0
85808854,0
85858726,0
85859719,0
85865680,0
85868043,0
85894536,0
85936441,0
85939369,0
85943005,0
85968864,0
85986137,0
86041325,0
86043222,0
86048528,0
86065207,0
86090594,0
86093597,0
86097523,0
86139906,0
86142198,0
86142466,0
86146729,0
86146964,1
86150356,0
86155585,0
86166467,0
86197392,0
86222139,1
86244980,0
86272876,1
86284056,1
86298951,0
86318129,0
86320551,0
86330016,0
86343850,0
86345642,0
86359118,0
86363228,0
86382869,1
86400764,0
86431913,1
86440680,0
86495613,0
86500086,0
86508409,1
86513006,0
86522385,1
86552430,0
86556357,0
86597642,1
86602987,0
86615189,0
86625446,0
86639592,1
86649148,0
86655139,1
86677409,0
86686192,0
86693795,0
86697153,0
86697703,0
86702083,0
86787837,0
86802631,0
86817823,1
86858642,0
86872283,0
86885564,0
86902114,0
86902182,0
86911344,0
86928440,0
86946717,1
86954936,0
86955586,0
86972474,0
86974769,0
86986262,0
86991803,0
87018603,0
87018807,1
87021680,1
87037258,0
87076313,0
87103071,0
87121537,0
87139147,1
87139635,0
87139844,0
87144827,0
87144995,0
87154477,0
87161085,0
87164127,1
87176656,0
87185818,0
87205651,0
87215250,0
87264840,0
87268045,0
87321440,0
87327600,0
87338285,0
87357469,0
87362712,0
87366776,0
87374287,0
87407361,0
87409355,1
87415814,0
87426782,0
87452103,0
87466438,0
87473849,1
87496786,0
87518977,0
87525157,0
87615941,0
87616881,0
87636511,0
87637450,0
87661993,0
87665717,0
87668882,0
87691615,0
87701951,0
87723854,1
87756820,0
87777808,0
87804382,0
87805890,1
87834116,0
87848487,0
87870386,0
87871531,0
87884849,0
87902072,0
87903176,0
87903390,0
87905991,0
87920885,0
87983303,0
88036356,0
88038299,0
88051657,0
88052578,0
88071573,0
88079671,0
88090952,0
88119452,0
88137273,0
88184135,0
88216853,0
88238564,0
88240501,0
88244206,0
88252347,0
88254565,0
88257237,0
88275415,0
88289991,0
88308547,1
88316803,0
88330005,0
88332431,0
88342968,0
88363390,1
88382354,0
88404487,0
88415628,1
88422559,0
88443271,0
88451981,0
88458099,0
88499140,0
88518401,0
88520901,0
88523003,1
88573647,0
88583762,0
88588949,0
88630468,0
88645949,0
88651867,0
88662939,0
88676030,0
88692550,0
88697325,0
88721727,0
88749526,0
88752208,0
88756798,0
88854700,0
88880963,0
88920520,0
88935382,0
88942383,0
88944357,1
88969654,0
88969694,0
88972584,1
89034333,0
89043269,0
89059050,0
89071199,0
89074575,0
89118423,1
89119015,0
89131215,0
89136720,0
89142308,0
89142637,1
89178465,0
89189236,0
89200196,1
89207892,0
89213504,0
89239207,0
89257262,1
89268770,1
89272275,0
89295127,0
89296510,0
89333715,0
89341722,0
89359962,0
89365842,0
89374843,0
89376725,0
89384014,0
89386008,0
89402594,0
89402639,0
89412250,0
89423328,0
89452535,0
89459995,1
89473617,0
89474721,0
89475763,0
89532500,0
89589076,0
89600046,0
89641102,0
89653149,0
89670329,0
89720123,0
89722399,0
89725555,0
89733799,0
89744278,0
89763448,0
89802176,0
89803740,0
89810284,0
89810899,0
89814584,0
89824656,0
89857307,0
89859587,0
89861191,0
89897207,0
89912766,0
89921393,1
89925589,0
89940902,0
89944866,0
89949823,0
89977168,0
90035426,0
90046707,0
90059146,0
90061802,1
90071730,0
90076504,1
90092765,0
90115758,0
90118879,0
90145813,0
90156521,0
90160916,0
90166740,0
90170130,1
90199837,1
90217733,0
90233400,0
90239199,0
90243501,0
90244494,0
90283371,0
90309569,1
90321720,0
90340133,0
90340421,0
90363345,0
90386014,0
90392583,0
90419374,0
90424178,0
90435342,0
90446744,0
90504990,0
90520982,0
90601303,0
90616815,0
90627290,0
90627328,0
90663009,0
90673449,0
90683169,1
90692036,0
90712111,0
90734858,0
90773564,0
90790860,0
90826261,0
90832209,0
90840764,0
90856618,1
90884500,0
90888707,0
90895676,0
90956901,0
91002497,0
91017256,0
91072658,0
91164022,0
91168028,0
91168582,0
91175891,1
91192686,0
91214618,1
91294999,0
91304587,0
91335347,0
91337809,0
91341135,0
91356868,0
91356982,0
91365742,0
91371511,0
91435489,0
91449329,0
91472890,0
91473594,0
91508388,0
91528734,0
91552759,0
91574694,0
91588873,0
91609165,0
91612923,0
91621099,0
91634638,0
91635923,0
91642094,0
91648080,0
91662158,0
91674165,0
91707064,0
91711637,0
91734538,0
91762564,0
91781716,0
91806948,0
91811679,0
91816419,0
91835938,0
91843273,0
91851414,0
91861627,1
91884285,1
91884526,0
91914567,0
91933262,0
91936860,0
91939347,0
91958839,0
91970529,0
92009180,0
92037507,0
92099054,0
92109513,0
92111352,0
92118505,0
92119225,0
92128037,0
92147709,0
92150213,0
92152124,0
92152390,0
92155038,0
92156279,0
92175540,0
92204306,0
92223248,0
92241879,0
92246808,0
92288695,0
92289405,1
92289871,0
92296335,0
92335566,0
92358539,0
92375648,0
92383033,0
92401570,0
92421854,0
92426203,0
92454163,0
92498948,0
92504756,0
92515694,0
92526061,0
92529503,0
92536887,0
92541379,0
92562217,0
92583394,0
92597078,0
92597266,0
92612914,0
92635028,0
92647331,0
92688129,0
92718268,0
92724929,1
92753809,0
92759141,1
92784600,0
92794004,0
92797251,0
92804924,0
92807421,0
92818111,0
92820176,1
92825750,0
92830604,0
92832630,0
92838298,0
92884713,1
92908604,0
92922694,1
92932137,0
92951187,0
92956845,1
92957863,0
92989686,0
93000060,0
93002002,0
93008177,0
93020324,1
93129080,1
93145795,0
93155977,1
93165014,0
93165728,0
93194542,0
93231210,0
93246340,0
93271735,1
93286029,0
93323874,0
93345554,0
93353086,0
93406581,0
93408142,0
93413298,0
93442237,0
93462986,0
93488735,0
93496433,1
93526872,0
93529506,1
93559536,1
93578277,0
93583502,0
93586380,0
93611801,0
93621419,0
93636990,0
93668800,1
93691104,0
93701916,0
93735584,0
93742632,0
93761391,0
93768148,1
93773982,0
93780308,0
93781092,1
93823677,0
93826737,0
93831587,0
93835474,0
93861061,0
93910485,0
93957211,0
93960571,0
93983692,0
94000533,0
94022530,0
94024469,0
94032581,0
94048197,0
94049856,0
94058909,0
94107207,0
94166119,0
94172877,0
94183125,0
94196273,1
94206943,0
94213239,0
94213800,0
94227750,0
94243533,0
94252612,0
94260737,0
94265571,0
94276070,1
94285465,0
94287079,0
94322134,0
94322346,0
94323343,0
94328307,0
94347759,0
94357949,0
94420087,0
94453560,0
94482406,0
94509613,0
94530485,0
94535892,0
94544750,1
94546259,0
94551676,0
94576690,0
94618069,0
94629822,0
94633968,0
94645548,0
94645733,1
94653132,1
94653980,1
94735750,0
94742147,0
94771009,0
94772282,0
94776962,0
94802653,0
94832544,0
94833673,1
94837853,0
94897193,0
94898446,0
94911841,0
94919503,0
94935576,1
94952571,1
94969478,0
94986464,0
95011077,0
95035557,0
95058627,0
95073723,0
95079690,0
95084559,0
95124373,0
95132184,1
95139273,1
95144755,0
95150600,0
95169929,0
95172684,0
95173456,0
95184156,0
95204178,0
95205019,0
95242416,0
95295130,0
95307440,0
95348613,1
95356433,0
95396982,0
95434595,0
95444424,0
95459793,0
95517155,0
95522893,0
95525874,0
95528883,0
95552201,0
95575656,0
95589488,0
95590015,0
95593549,0
95622234,0
95647648,0
95649865,0
95651207,0
95680438,0
95704276,0
95710115,0
95720236,0
95732507,1
95781089,0
95786018,0
95790045,0
95793711,0
95812692,1
95815934,0
95859689,0
95869188,0
95877176,0
95879920,0
95892800,0
95892995,0
95922629,0
95926442,0
95940595,0
95947659,0
96012878,0
96052375,0
96066656,0
96069544,0
96108209,0
96120366,0
96120572,0
96125616,0
96157600,0
96160292,0
96166352,0
96172246,0
96224441,0
96250762,0
96254001,0
96287484,0
96290482,0
96370789,1
96381423,0
96384558,0
96459912,0
96459986,0
96469324,0
96472836,1
96475670,0
96476472,1
96488057,0
96499029,0
96520856,1
96534471,1
96573866,0
96588317,0
96590319,0
96622191,0
96636069,0
96637133,0
96670177,0
96678656,1
96720540,1
96741398,0
96763219,0
96767643,0
96799872,1
96802572,0
96828489,0
96896952,1
96900527,0
96907503,0
96993378,0
97002064,0
97029986,0
97053087,0
97054764,0
97071841,0
97082816,0
97091028,0
97100164,0
97106317,0
97111718,1
97113586,0
97129946,0
97131380,0
97151763,0
97164324,0
97190289,0
97211212,0
97232446,0
97245496,0
97271473,0
97272045,0
97280627,0
97318181,0
97359037,0
97361724,0
97404418,0
97428898,0
97435415,0
97438752,0
97447207,0
97474354,0
97497108,0
97524276,0
97559108,0
97598388,0
97601679,0
97607686,0
97660214,0
97665725,0
97694705,0
97714744,0
97725499,0
97751609,0
97765584,0
97773318,0
97777551,0
97818861,0
97829208,0
97844979,0
97881795,0
97883233,1
97889664,0
97896608,0
97912701,0
97924004,0
97924367,0
97936081,0
97960828,0
97967146,0
97969286,0
97976527,0
97980118,0
97980919,0
98031901,0
98041819,0
98047376,1
98051772,0
98089445,0
98096088,0
98134795,0
98135586,0
98152555,0
98154152,0
98183457,0
98187071,0
98200967,0
98221482,0
98227627,0
98252127,0
98260478,0
98286552,0
98315498,0
98317336,0
98338129,0
98347165,0
98388790,0
98399988,0
98411799,0
98431757,0
98435029,0
98477535,0
98485600,0
98487618,0
98488155,0
98502723,0
98506065,0
98550226,0
98566537,0
98566748,0
98588821,1
98589166,0
98634644,0
98647235,0
98742850,0
98742983,0
98780882,0
98793866,0
98824031,0
98831819,0
98849275,0
98855535,0
98856770,0
98912024,0
98921980,0
98939756,0
98948762,1
98984928,1
98989137,0
99064909,0
99071947,0
99094701,0
99113231,0
99145683,0
99154073,0
99160554,0
99161478,0
99178252,0
99202795,0
99206786,0
99235920,0
99238599,0
99255017,0
99296168,0
99302577,0
99347925,0
99373407,0
99407660,0
99408187,0
99408271,0
99425664,0
99474562,0
99492157,0
99529287,0
99543863,0
99574519,0
99589559,1
99594793,0
99595620,1
99611926,0
99643747,0
99648475,0
99655918,0
99660654,0
99685883,0
99693591,1
99695421,0
99709288,0
99817010,0
99818965,1
99850437,0
99886358,0
99910041,0
99925818,0
99940875,0
99950951,0
99954460,1
99999855,0
